parent_id,student_id,relationship_en,relationship_ar
1,1,Father,أب
1,2,Father,أب
1,3,Father,أب
1,4,Father,أب
1,5,Father,أب
1,6,Father,أب
1,7,Father,أب
2,8,Father,أب
2,9,Father,أب
2,10,Father,أب
2,11,Father,أب
2,12,Father,أب
2,13,Father,أب
2,14,Father,أب
3,15,Father,أب
3,16,Father,أب
3,17,Father,أب
3,18,Father,أب
3,19,Father,أب
3,20,Father,أب
3,21,Father,أب
4,22,Father,أب
4,23,Father,أب
4,24,Father,أب
4,25,Father,أب
4,26,Father,أب
4,27,Father,أب
4,28,Father,أب
5,29,Father,أب
5,30,Father,أب
5,31,Father,أب
5,32,Father,أب
5,33,Father,أب
5,34,Father,أب
5,35,Father,أب
6,36,Father,أب
6,37,Father,أب
6,38,Father,أب
6,39,Father,أب
6,40,Father,أب
6,41,Father,أب
6,42,Father,أب
7,43,Father,أب
7,44,Father,أب
7,45,Father,أب
7,46,Father,أب
7,47,Father,أب
7,48,Father,أب
7,49,Father,أب
8,50,Father,أب
8,51,Father,أب
8,52,Father,أب
8,53,Father,أب
8,54,Father,أب
8,55,Father,أب
8,56,Father,أب
9,57,Father,أب
9,58,Father,أب
9,59,Father,أب
9,60,Father,أب
9,61,Father,أب
9,62,Father,أب
9,63,Father,أب
10,64,Father,أب
10,65,Father,أب
10,66,Father,أب
10,67,Father,أب
10,68,Father,أب
10,69,Father,أب
10,70,Father,أب
11,71,Father,أب
11,72,Father,أب
11,73,Father,أب
11,74,Father,أب
11,75,Father,أب
11,76,Father,أب
11,77,Father,أب
12,78,Father,أب
12,79,Father,أب
12,80,Father,أب
12,81,Father,أب
12,82,Father,أب
12,83,Father,أب
12,84,Father,أب
13,85,Father,أب
13,86,Father,أب
13,87,Father,أب
13,88,Father,أب
13,89,Father,أب
13,90,Father,أب
13,91,Father,أب
14,92,Father,أب
14,93,Father,أب
14,94,Father,أب
14,95,Father,أب
14,96,Father,أب
14,97,Father,أب
14,98,Father,أب
15,99,Father,أب
15,100,Father,أب
15,101,Father,أب
15,102,Father,أب
15,103,Father,أب
15,104,Father,أب
15,105,Father,أب
16,106,Father,أب
16,107,Father,أب
16,108,Father,أب
16,109,Father,أب
16,110,Father,أب
16,111,Father,أب
16,112,Father,أب
17,113,Father,أب
17,114,Father,أب
17,115,Father,أب
17,116,Father,أب
17,117,Father,أب
17,118,Father,أب
17,119,Father,أب
18,120,Father,أب
18,121,Father,أب
18,122,Father,أب
18,123,Father,أب
18,124,Father,أب
18,125,Father,أب
18,126,Father,أب
19,127,Father,أب
19,128,Father,أب
19,129,Father,أب
19,130,Father,أب
19,131,Father,أب
19,132,Father,أب
19,133,Father,أب
20,134,Father,أب
20,135,Father,أب
20,136,Father,أب
20,137,Father,أب
20,138,Father,أب
20,139,Father,أب
20,140,Father,أب
21,141,Father,أب
21,142,Father,أب
21,143,Father,أب
21,144,Father,أب
21,145,Father,أب
21,146,Father,أب
21,147,Father,أب
22,148,Father,أب
22,149,Father,أب
22,150,Father,أب
22,151,Father,أب
22,152,Father,أب
22,153,Father,أب
22,154,Father,أب
23,155,Father,أب
23,156,Father,أب
23,157,Father,أب
23,158,Father,أب
23,159,Father,أب
23,160,Father,أب
23,161,Father,أب
24,162,Father,أب
24,163,Father,أب
24,164,Father,أب
24,165,Father,أب
24,166,Father,أب
24,167,Father,أب
24,168,Father,أب
25,169,Father,أب
25,170,Father,أب
25,171,Father,أب
25,172,Father,أب
25,173,Father,أب
25,174,Father,أب
25,175,Father,أب
26,176,Father,أب
26,177,Father,أب
26,178,Father,أب
26,179,Father,أب
26,180,Father,أب
27,181,Father,أب
27,182,Father,أب
27,183,Father,أب
27,184,Father,أب
27,185,Father,أب
28,186,Father,أب
28,187,Father,أب
28,188,Father,أب
28,189,Father,أب
28,190,Father,أب
29,191,Father,أب
29,192,Father,أب
29,193,Father,أب
29,194,Father,أب
29,195,Father,أب
30,196,Father,أب
30,197,Father,أب
30,198,Father,أب
30,199,Father,أب
30,200,Father,أب
31,201,Father,أب
31,202,Father,أب
31,203,Father,أب
31,204,Father,أب
31,205,Father,أب
32,206,Father,أب
32,207,Father,أب
32,208,Father,أب
32,209,Father,أب
32,210,Father,أب
33,211,Father,أب
33,212,Father,أب
33,213,Father,أب
33,214,Father,أب
33,215,Father,أب
34,216,Father,أب
34,217,Father,أب
34,218,Father,أب
34,219,Father,أب
34,220,Father,أب
35,221,Father,أب
35,222,Father,أب
35,223,Father,أب
35,224,Father,أب
35,225,Father,أب
36,226,Father,أب
36,227,Father,أب
36,228,Father,أب
36,229,Father,أب
36,230,Father,أب
37,231,Father,أب
37,232,Father,أب
37,233,Father,أب
37,234,Father,أب
37,235,Father,أب
38,236,Father,أب
38,237,Father,أب
38,238,Father,أب
38,239,Father,أب
38,240,Father,أب
39,241,Father,أب
39,242,Father,أب
39,243,Father,أب
39,244,Father,أب
39,245,Father,أب
40,246,Father,أب
40,247,Father,أب
40,248,Father,أب
40,249,Father,أب
40,250,Father,أب
41,251,Father,أب
41,252,Father,أب
41,253,Father,أب
41,254,Father,أب
41,255,Father,أب
42,256,Father,أب
42,257,Father,أب
42,258,Father,أب
42,259,Father,أب
42,260,Father,أب
43,261,Father,أب
43,262,Father,أب
43,263,Father,أب
43,264,Father,أب
43,265,Father,أب
44,266,Father,أب
44,267,Father,أب
44,268,Father,أب
44,269,Father,أب
44,270,Father,أب
45,271,Father,أب
45,272,Father,أب
45,273,Father,أب
45,274,Father,أب
45,275,Father,أب
46,276,Father,أب
46,277,Father,أب
46,278,Father,أب
46,279,Father,أب
46,280,Father,أب
47,281,Father,أب
47,282,Father,أب
47,283,Father,أب
47,284,Father,أب
47,285,Father,أب
48,286,Father,أب
48,287,Father,أب
48,288,Father,أب
48,289,Father,أب
48,290,Father,أب
49,291,Father,أب
49,292,Father,أب
49,293,Father,أب
49,294,Father,أب
49,295,Father,أب
50,296,Father,أب
50,297,Father,أب
50,298,Father,أب
50,299,Father,أب
50,300,Father,أب
51,301,Father,أب
51,302,Father,أب
51,303,Father,أب
51,304,Father,أب
52,305,Father,أب
52,306,Father,أب
52,307,Father,أب
52,308,Father,أب
53,309,Father,أب
53,310,Father,أب
53,311,Father,أب
53,312,Father,أب
54,313,Father,أب
54,314,Father,أب
54,315,Father,أب
54,316,Father,أب
55,317,Father,أب
55,318,Father,أب
55,319,Father,أب
55,320,Father,أب
56,321,Father,أب
56,322,Father,أب
56,323,Father,أب
56,324,Father,أب
57,325,Father,أب
57,326,Father,أب
57,327,Father,أب
57,328,Father,أب
58,329,Father,أب
58,330,Father,أب
58,331,Father,أب
58,332,Father,أب
59,333,Father,أب
59,334,Father,أب
59,335,Father,أب
59,336,Father,أب
60,337,Father,أب
60,338,Father,أب
60,339,Father,أب
60,340,Father,أب
61,341,Father,أب
61,342,Father,أب
61,343,Father,أب
61,344,Father,أب
62,345,Father,أب
62,346,Father,أب
62,347,Father,أب
62,348,Father,أب
63,349,Father,أب
63,350,Father,أب
63,351,Father,أب
63,352,Father,أب
64,353,Father,أب
64,354,Father,أب
64,355,Father,أب
64,356,Father,أب
65,357,Father,أب
65,358,Father,أب
65,359,Father,أب
66,360,Father,أب
66,361,Father,أب
66,362,Father,أب
67,363,Father,أب
67,364,Father,أب
67,365,Father,أب
68,366,Father,أب
68,367,Father,أب
68,368,Father,أب
69,369,Father,أب
69,370,Father,أب
69,371,Father,أب
70,372,Father,أب
70,373,Father,أب
70,374,Father,أب
71,375,Father,أب
71,376,Father,أب
71,377,Father,أب
72,378,Father,أب
72,379,Father,أب
72,380,Father,أب
73,381,Father,أب
73,382,Father,أب
73,383,Father,أب
74,384,Father,أب
74,385,Father,أب
74,386,Father,أب
75,387,Father,أب
75,388,Father,أب
75,389,Father,أب
75,390,Father,أب
76,391,Father,أب
76,392,Father,أب
76,393,Father,أب
76,394,Father,أب
77,395,Father,أب
77,396,Father,أب
77,397,Father,أب
77,398,Father,أب
78,399,Father,أب
78,400,Father,أب
78,401,Father,أب
78,402,Father,أب
79,403,Father,أب
79,404,Father,أب
79,405,Father,أب
79,406,Father,أب
80,407,Father,أب
80,408,Father,أب
80,409,Father,أب
80,410,Father,أب
81,411,Father,أب
81,412,Father,أب
81,413,Father,أب
81,414,Father,أب
82,415,Father,أب
82,416,Father,أب
82,417,Father,أب
82,418,Father,أب
83,419,Father,أب
83,420,Father,أب
83,421,Father,أب
83,422,Father,أب
84,423,Father,أب
84,424,Father,أب
84,425,Father,أب
84,426,Father,أب
85,427,Father,أب
85,428,Father,أب
85,429,Father,أب
85,430,Father,أب
86,431,Father,أب
86,432,Father,أب
86,433,Father,أب
86,434,Father,أب
87,435,Father,أب
87,436,Father,أب
87,437,Father,أب
87,438,Father,أب
88,439,Father,أب
88,440,Father,أب
88,441,Father,أب
88,442,Father,أب
89,443,Father,أب
89,444,Father,أب
89,445,Father,أب
89,446,Father,أب
90,447,Father,أب
90,448,Father,أب
90,449,Father,أب
90,450,Father,أب
91,451,Father,أب
91,452,Father,أب
91,453,Father,أب
91,454,Father,أب
91,455,Father,أب
92,456,Father,أب
92,457,Father,أب
92,458,Father,أب
92,459,Father,أب
92,460,Father,أب
93,461,Father,أب
93,462,Father,أب
93,463,Father,أب
93,464,Father,أب
93,465,Father,أب
94,466,Father,أب
94,467,Father,أب
94,468,Father,أب
94,469,Father,أب
94,470,Father,أب
95,471,Father,أب
95,472,Father,أب
95,473,Father,أب
95,474,Father,أب
95,475,Father,أب
96,476,Father,أب
96,477,Father,أب
96,478,Father,أب
96,479,Father,أب
96,480,Father,أب
97,481,Father,أب
97,482,Father,أب
97,483,Father,أب
97,484,Father,أب
97,485,Father,أب
98,486,Father,أب
98,487,Father,أب
98,488,Father,أب
98,489,Father,أب
98,490,Father,أب
99,491,Father,أب
99,492,Father,أب
99,493,Father,أب
99,494,Father,أب
99,495,Father,أب
100,496,Father,أب
100,497,Father,أب
100,498,Father,أب
100,499,Father,أب
100,500,Father,أب
