[
  {
    "attachment_id": 1,
    "excuse_id": 1,
    "file_url": "https://imgv2-1-f.scribdassets.com/img/document/427550161/original/ac0b8e39cd/1?v=1",
    "uploaded_at": "2025-05-15 00:00:00"
  },
  {
    "attachment_id": 2,
    "excuse_id": 1,
    "file_url": "https://imgv2-1-f.scribdassets.com/img/document/427550161/original/ac0b8e39cd/1?v=1",
    "uploaded_at": "2025-05-16 00:00:00"
  },
  {
    "attachment_id": 3,
    "excuse_id": 1,
    "file_url": "https://imgv2-1-f.scribdassets.com/img/document/427550161/original/ac0b8e39cd/1?v=1",
    "uploaded_at": "2025-05-17 00:00:00"
  },
  {
    "attachment_id": 4,
    "excuse_id": 1,
    "file_url": "https://imgv2-1-f.scribdassets.com/img/document/427550161/original/ac0b8e39cd/1?v=1",
    "uploaded_at": "2025-05-18 00:00:00"
  },
  {
    "attachment_id": 5,
    "excuse_id": 1,
    "file_url": "https://imgv2-1-f.scribdassets.com/img/document/427550161/original/ac0b8e39cd/1?v=1",
    "uploaded_at": "2025-05-19 00:00:00"
  },
  {
    "attachment_id": 6,
    "excuse_id": 1,
    "file_url": "https://imgv2-1-f.scribdassets.com/img/document/427550161/original/ac0b8e39cd/1?v=1",
    "uploaded_at": "2025-05-20 00:00:00"
  },
  {
    "attachment_id": 7,
    "excuse_id": 1,
    "file_url": "https://imgv2-1-f.scribdassets.com/img/document/427550161/original/ac0b8e39cd/1?v=1",
    "uploaded_at": "2025-05-21 00:00:00"
  },
  {
    "attachment_id": 8,
    "excuse_id": 1,
    "file_url": "https://imgv2-1-f.scribdassets.com/img/document/427550161/original/ac0b8e39cd/1?v=1",
    "uploaded_at": "2025-05-22 00:00:00"
  },
  {
    "attachment_id": 9,
    "excuse_id": 1,
    "file_url": "https://imgv2-1-f.scribdassets.com/img/document/427550161/original/ac0b8e39cd/1?v=1",
    "uploaded_at": "2025-05-23 00:00:00"
  },
  {
    "attachment_id": 10,
    "excuse_id": 1,
    "file_url": "https://imgv2-1-f.scribdassets.com/img/document/427550161/original/ac0b8e39cd/1?v=1",
    "uploaded_at": "2025-05-24 00:00:00"
  },
  {
    "attachment_id": 11,
    "excuse_id": 1,
    "file_url": "https://imgv2-1-f.scribdassets.com/img/document/427550161/original/ac0b8e39cd/1?v=1",
    "uploaded_at": "2025-05-25 00:00:00"
  },
  {
    "attachment_id": 12,
    "excuse_id": 1,
    "file_url": "https://imgv2-1-f.scribdassets.com/img/document/427550161/original/ac0b8e39cd/1?v=1",
    "uploaded_at": "2025-05-26 00:00:00"
  },
  {
    "attachment_id": 13,
    "excuse_id": 1,
    "file_url": "https://imgv2-1-f.scribdassets.com/img/document/427550161/original/ac0b8e39cd/1?v=1",
    "uploaded_at": "2025-05-27 00:00:00"
  },
  {
    "attachment_id": 14,
    "excuse_id": 1,
    "file_url": "https://imgv2-1-f.scribdassets.com/img/document/427550161/original/ac0b8e39cd/1?v=1",
    "uploaded_at": "2025-05-28 00:00:00"
  },
  {
    "attachment_id": 15,
    "excuse_id": 1,
    "file_url": "https://imgv2-1-f.scribdassets.com/img/document/427550161/original/ac0b8e39cd/1?v=1",
    "uploaded_at": "2025-05-29 00:00:00"
  },
  {
    "attachment_id": 16,
    "excuse_id": 1,
    "file_url": "https://imgv2-1-f.scribdassets.com/img/document/427550161/original/ac0b8e39cd/1?v=1",
    "uploaded_at": "2025-05-30 00:00:00"
  },
  {
    "attachment_id": 17,
    "excuse_id": 1,
    "file_url": "https://imgv2-1-f.scribdassets.com/img/document/427550161/original/ac0b8e39cd/1?v=1",
    "uploaded_at": "2025-05-15 00:00:00"
  },
  {
    "attachment_id": 18,
    "excuse_id": 1,
    "file_url": "https://imgv2-1-f.scribdassets.com/img/document/427550161/original/ac0b8e39cd/1?v=1",
    "uploaded_at": "2025-05-16 00:00:00"
  },
  {
    "attachment_id": 19,
    "excuse_id": 1,
    "file_url": "https://imgv2-1-f.scribdassets.com/img/document/427550161/original/ac0b8e39cd/1?v=1",
    "uploaded_at": "2025-05-17 00:00:00"
  },
  {
    "attachment_id": 20,
    "excuse_id": 1,
    "file_url": "https://imgv2-1-f.scribdassets.com/img/document/427550161/original/ac0b8e39cd/1?v=1",
    "uploaded_at": "2025-05-18 00:00:00"
  },
  {
    "attachment_id": 21,
    "excuse_id": 1,
    "file_url": "https://imgv2-1-f.scribdassets.com/img/document/427550161/original/ac0b8e39cd/1?v=1",
    "uploaded_at": "2025-05-19 00:00:00"
  },
  {
    "attachment_id": 22,
    "excuse_id": 1,
    "file_url": "https://imgv2-1-f.scribdassets.com/img/document/427550161/original/ac0b8e39cd/1?v=1",
    "uploaded_at": "2025-05-20 00:00:00"
  },
  {
    "attachment_id": 23,
    "excuse_id": 1,
    "file_url": "https://imgv2-1-f.scribdassets.com/img/document/427550161/original/ac0b8e39cd/1?v=1",
    "uploaded_at": "2025-05-21 00:00:00"
  },
  {
    "attachment_id": 24,
    "excuse_id": 1,
    "file_url": "https://imgv2-1-f.scribdassets.com/img/document/427550161/original/ac0b8e39cd/1?v=1",
    "uploaded_at": "2025-05-22 00:00:00"
  },
  {
    "attachment_id": 25,
    "excuse_id": 1,
    "file_url": "https://imgv2-1-f.scribdassets.com/img/document/427550161/original/ac0b8e39cd/1?v=1",
    "uploaded_at": "2025-05-23 00:00:00"
  },
  {
    "attachment_id": 26,
    "excuse_id": 1,
    "file_url": "https://imgv2-1-f.scribdassets.com/img/document/427550161/original/ac0b8e39cd/1?v=1",
    "uploaded_at": "2025-05-24 00:00:00"
  },
  {
    "attachment_id": 27,
    "excuse_id": 1,
    "file_url": "https://imgv2-1-f.scribdassets.com/img/document/427550161/original/ac0b8e39cd/1?v=1",
    "uploaded_at": "2025-05-25 00:00:00"
  },
  {
    "attachment_id": 28,
    "excuse_id": 1,
    "file_url": "https://imgv2-1-f.scribdassets.com/img/document/427550161/original/ac0b8e39cd/1?v=1",
    "uploaded_at": "2025-05-26 00:00:00"
  },
  {
    "attachment_id": 29,
    "excuse_id": 1,
    "file_url": "https://imgv2-1-f.scribdassets.com/img/document/427550161/original/ac0b8e39cd/1?v=1",
    "uploaded_at": "2025-05-27 00:00:00"
  },
  {
    "attachment_id": 30,
    "excuse_id": 1,
    "file_url": "https://imgv2-1-f.scribdassets.com/img/document/427550161/original/ac0b8e39cd/1?v=1",
    "uploaded_at": "2025-05-28 00:00:00"
  },
  {
    "attachment_id": 31,
    "excuse_id": 2,
    "file_url": "https://imgv2-1-f.scribdassets.com/img/document/700870292/original/a4a482eebc/1?v=1",
    "uploaded_at": "2025-05-29 00:00:00"
  },
  {
    "attachment_id": 32,
    "excuse_id": 2,
    "file_url": "https://imgv2-1-f.scribdassets.com/img/document/700870292/original/a4a482eebc/1?v=1",
    "uploaded_at": "2025-05-30 00:00:00"
  },
  {
    "attachment_id": 33,
    "excuse_id": 2,
    "file_url": "https://imgv2-1-f.scribdassets.com/img/document/700870292/original/a4a482eebc/1?v=1",
    "uploaded_at": "2025-05-15 00:00:00"
  },
  {
    "attachment_id": 34,
    "excuse_id": 2,
    "file_url": "https://imgv2-1-f.scribdassets.com/img/document/700870292/original/a4a482eebc/1?v=1",
    "uploaded_at": "2025-05-16 00:00:00"
  },
  {
    "attachment_id": 35,
    "excuse_id": 2,
    "file_url": "https://imgv2-1-f.scribdassets.com/img/document/700870292/original/a4a482eebc/1?v=1",
    "uploaded_at": "2025-05-17 00:00:00"
  },
  {
    "attachment_id": 36,
    "excuse_id": 1,
    "file_url": "https://imgv2-1-f.scribdassets.com/img/document/427550161/original/ac0b8e39cd/1?v=1",
    "uploaded_at": "2025-05-18 00:00:00"
  },
  {
    "attachment_id": 37,
    "excuse_id": 1,
    "file_url": "https://imgv2-1-f.scribdassets.com/img/document/427550161/original/ac0b8e39cd/1?v=1",
    "uploaded_at": "2025-05-19 00:00:00"
  },
  {
    "attachment_id": 38,
    "excuse_id": 1,
    "file_url": "https://imgv2-1-f.scribdassets.com/img/document/427550161/original/ac0b8e39cd/1?v=1",
    "uploaded_at": "2025-05-20 00:00:00"
  },
  {
    "attachment_id": 39,
    "excuse_id": 1,
    "file_url": "https://imgv2-1-f.scribdassets.com/img/document/427550161/original/ac0b8e39cd/1?v=1",
    "uploaded_at": "2025-05-21 00:00:00"
  },
  {
    "attachment_id": 40,
    "excuse_id": 1,
    "file_url": "https://imgv2-1-f.scribdassets.com/img/document/427550161/original/ac0b8e39cd/1?v=1",
    "uploaded_at": "2025-05-22 00:00:00"
  },
  {
    "attachment_id": 41,
    "excuse_id": 1,
    "file_url": "https://imgv2-1-f.scribdassets.com/img/document/427550161/original/ac0b8e39cd/1?v=1",
    "uploaded_at": "2025-05-23 00:00:00"
  },
  {
    "attachment_id": 42,
    "excuse_id": 1,
    "file_url": "https://imgv2-1-f.scribdassets.com/img/document/427550161/original/ac0b8e39cd/1?v=1",
    "uploaded_at": "2025-05-24 00:00:00"
  },
  {
    "attachment_id": 43,
    "excuse_id": 1,
    "file_url": "https://imgv2-1-f.scribdassets.com/img/document/427550161/original/ac0b8e39cd/1?v=1",
    "uploaded_at": "2025-05-25 00:00:00"
  },
  {
    "attachment_id": 44,
    "excuse_id": 1,
    "file_url": "https://imgv2-1-f.scribdassets.com/img/document/427550161/original/ac0b8e39cd/1?v=1",
    "uploaded_at": "2025-05-26 00:00:00"
  },
  {
    "attachment_id": 45,
    "excuse_id": 1,
    "file_url": "https://imgv2-1-f.scribdassets.com/img/document/427550161/original/ac0b8e39cd/1?v=1",
    "uploaded_at": "2025-05-27 00:00:00"
  },
  {
    "attachment_id": 46,
    "excuse_id": 1,
    "file_url": "https://imgv2-1-f.scribdassets.com/img/document/427550161/original/ac0b8e39cd/1?v=1",
    "uploaded_at": "2025-05-28 00:00:00"
  },
  {
    "attachment_id": 47,
    "excuse_id": 1,
    "file_url": "https://imgv2-1-f.scribdassets.com/img/document/427550161/original/ac0b8e39cd/1?v=1",
    "uploaded_at": "2025-05-29 00:00:00"
  },
  {
    "attachment_id": 48,
    "excuse_id": 1,
    "file_url": "https://imgv2-1-f.scribdassets.com/img/document/427550161/original/ac0b8e39cd/1?v=1",
    "uploaded_at": "2025-05-30 00:00:00"
  },
  {
    "attachment_id": 49,
    "excuse_id": 1,
    "file_url": "https://imgv2-1-f.scribdassets.com/img/document/427550161/original/ac0b8e39cd/1?v=1",
    "uploaded_at": "2025-05-15 00:00:00"
  },
  {
    "attachment_id": 50,
    "excuse_id": 3,
    "file_url": "https://makkahnewspaper.com/uploads/imported_images/2015/11/18/269441.JPG",
    "uploaded_at": "2025-05-16 00:00:00"
  },
  {
    "attachment_id": 51,
    "excuse_id": 3,
    "file_url": "https://makkahnewspaper.com/uploads/imported_images/2015/11/18/269441.JPG",
    "uploaded_at": "2025-05-17 00:00:00"
  },
  {
    "attachment_id": 52,
    "excuse_id": 3,
    "file_url": "https://makkahnewspaper.com/uploads/imported_images/2015/11/18/269441.JPG",
    "uploaded_at": "2025-05-18 00:00:00"
  },
  {
    "attachment_id": 53,
    "excuse_id": 3,
    "file_url": "https://makkahnewspaper.com/uploads/imported_images/2015/11/18/269441.JPG",
    "uploaded_at": "2025-05-19 00:00:00"
  },
  {
    "attachment_id": 54,
    "excuse_id": 3,
    "file_url": "https://makkahnewspaper.com/uploads/imported_images/2015/11/18/269441.JPG",
    "uploaded_at": "2025-05-20 00:00:00"
  },
  {
    "attachment_id": 55,
    "excuse_id": 3,
    "file_url": "https://makkahnewspaper.com/uploads/imported_images/2015/11/18/269441.JPG",
    "uploaded_at": "2025-05-21 00:00:00"
  },
  {
    "attachment_id": 56,
    "excuse_id": 3,
    "file_url": "https://makkahnewspaper.com/uploads/imported_images/2015/11/18/269441.JPG",
    "uploaded_at": "2025-05-22 00:00:00"
  },
  {
    "attachment_id": 57,
    "excuse_id": 3,
    "file_url": "https://makkahnewspaper.com/uploads/imported_images/2015/11/18/269441.JPG",
    "uploaded_at": "2025-05-23 00:00:00"
  },
  {
    "attachment_id": 58,
    "excuse_id": 3,
    "file_url": "https://makkahnewspaper.com/uploads/imported_images/2015/11/18/269441.JPG",
    "uploaded_at": "2025-05-24 00:00:00"
  },
  {
    "attachment_id": 59,
    "excuse_id": 3,
    "file_url": "https://makkahnewspaper.com/uploads/imported_images/2015/11/18/269441.JPG",
    "uploaded_at": "2025-05-25 00:00:00"
  },
  {
    "attachment_id": 60,
    "excuse_id": 3,
    "file_url": "https://makkahnewspaper.com/uploads/imported_images/2015/11/18/269441.JPG",
    "uploaded_at": "2025-05-26 00:00:00"
  },
  {
    "attachment_id": 61,
    "excuse_id": 3,
    "file_url": "https://makkahnewspaper.com/uploads/imported_images/2015/11/18/269441.JPG",
    "uploaded_at": "2025-05-27 00:00:00"
  },
  {
    "attachment_id": 62,
    "excuse_id": 3,
    "file_url": "https://makkahnewspaper.com/uploads/imported_images/2015/11/18/269441.JPG",
    "uploaded_at": "2025-05-28 00:00:00"
  },
  {
    "attachment_id": 63,
    "excuse_id": 3,
    "file_url": "https://makkahnewspaper.com/uploads/imported_images/2015/11/18/269441.JPG",
    "uploaded_at": "2025-05-29 00:00:00"
  },
  {
    "attachment_id": 64,
    "excuse_id": 3,
    "file_url": "https://makkahnewspaper.com/uploads/imported_images/2015/11/18/269441.JPG",
    "uploaded_at": "2025-05-30 00:00:00"
  },
  {
    "attachment_id": 65,
    "excuse_id": 3,
    "file_url": "https://makkahnewspaper.com/uploads/imported_images/2015/11/18/269441.JPG",
    "uploaded_at": "2025-05-15 00:00:00"
  },
  {
    "attachment_id": 66,
    "excuse_id": 4,
    "file_url": "https://almanahj.com/sa/images/bot/photos/file_1685.jpg",
    "uploaded_at": "2025-05-16 00:00:00"
  },
  {
    "attachment_id": 67,
    "excuse_id": 4,
    "file_url": "https://almanahj.com/sa/images/bot/photos/file_1685.jpg",
    "uploaded_at": "2025-05-17 00:00:00"
  },
  {
    "attachment_id": 68,
    "excuse_id": 4,
    "file_url": "https://almanahj.com/sa/images/bot/photos/file_1685.jpg",
    "uploaded_at": "2025-05-18 00:00:00"
  },
  {
    "attachment_id": 69,
    "excuse_id": 4,
    "file_url": "https://almanahj.com/sa/images/bot/photos/file_1685.jpg",
    "uploaded_at": "2025-05-19 00:00:00"
  },
  {
    "attachment_id": 70,
    "excuse_id": 4,
    "file_url": "https://almanahj.com/sa/images/bot/photos/file_1685.jpg",
    "uploaded_at": "2025-05-20 00:00:00"
  }
]