[
  {
    "parent_id": 1.0,
    "first_name_en": "Fahad Karam Jamil",
    "first_name_ar": "فهد كرم جميل",
    "last_name_en": "Azar",
    "last_name_ar": "عازار",
    "email": "lina.karam48@gmail.com",
    "phone": 563967760.0,
    "poi_number": 288300211.0,
    "identity_type": "Iqama",
    "gender": "Male"
  },
  {
    "parent_id": 2.0,
    "first_name_en": "Abdelrahman Nour Nour",
    "first_name_ar": "عبد الرحمن نور نور",
    "last_name_en": "Abdelrahman",
    "last_name_ar": "عبد الرحمن",
    "email": "abdelrahman.nour78@gmail.com",
    "phone": 594646617.0,
    "poi_number": 151627302.0,
    "identity_type": "National_ID",
    "gender": "Male"
  },
  {
    "parent_id": 3.0,
    "first_name_en": "Khalid Turki Abdullah",
    "first_name_ar": "خالد تركي عبد الله",
    "last_name_en": "Al Saud",
    "last_name_ar": "آل سعود",
    "email": "khalid.turki55@gmail.com",
    "phone": 558273557.0,
    "poi_number": 291991861.0,
    "identity_type": "Iqama",
    "gender": "Male"
  },
  {
    "parent_id": 4.0,
    "first_name_en": "Omar Ismail Abdelrahman",
    "first_name_ar": "عمر إسماعيل عبد الرحمن",
    "last_name_en": "Ali",
    "last_name_ar": "علي",
    "email": "salma.ismail11@gmail.com",
    "phone": 512518737.0,
    "poi_number": 299678004.0,
    "identity_type": "Iqama",
    "gender": "Male"
  },
  {
    "parent_id": 5.0,
    "first_name_en": "Abdullah Saud Saud",
    "first_name_ar": "عبدالله سعود سعود",
    "last_name_en": "Al Saud",
    "last_name_ar": "آل سعود",
    "email": "noura.saud34@gmail.com",
    "phone": 576170002.0,
    "poi_number": 142026487.0,
    "identity_type": "National_ID",
    "gender": "Male"
  },
  {
    "parent_id": 6.0,
    "first_name_en": "Youssef Omar Abdelrahman",
    "first_name_ar": "يوسف عمر عبد الرحمن",
    "last_name_en": "Ali",
    "last_name_ar": "علي",
    "email": "fatima.omar72@gmail.com",
    "phone": 514637496.0,
    "poi_number": 283989837.0,
    "identity_type": "Iqama",
    "gender": "Male"
  },
  {
    "parent_id": 7.0,
    "first_name_en": "Hassan Youssef Hassan",
    "first_name_ar": "حسن يوسف حسن",
    "last_name_en": "Tawfik",
    "last_name_ar": "توفيق",
    "email": "hassan.youssef80@gmail.com",
    "phone": 578868627.0,
    "poi_number": 269725416.0,
    "identity_type": "Iqama",
    "gender": "Male"
  },
  {
    "parent_id": 8.0,
    "first_name_en": "Nasser Abdullah Saud",
    "first_name_ar": "ناصر عبد الله سعود",
    "last_name_en": "Al Qahtani",
    "last_name_ar": "القحطاني",
    "email": "noura.abdullah33@gmail.com",
    "phone": 504425482.0,
    "poi_number": 273958907.0,
    "identity_type": "Iqama",
    "gender": "Male"
  },
  {
    "parent_id": 9.0,
    "first_name_en": "Turki Fahad Fahad",
    "first_name_ar": "تركي فهد فهد",
    "last_name_en": "Al Saud",
    "last_name_ar": "آل سعود",
    "email": "turki.fahad20@gmail.com",
    "phone": 593861517.0,
    "poi_number": 280407122.0,
    "identity_type": "Iqama",
    "gender": "Male"
  },
  {
    "parent_id": 10.0,
    "first_name_en": "Youssef Youssef Hassan",
    "first_name_ar": "يوسف يوسف حسن",
    "last_name_en": "Mahmoud",
    "last_name_ar": "محمود",
    "email": "youssef.youssef84@gmail.com",
    "phone": 536938170.0,
    "poi_number": 276123086.0,
    "identity_type": "Iqama",
    "gender": "Male"
  },
  {
    "parent_id": 11.0,
    "first_name_en": "Mostafa Ahmed Hassan",
    "first_name_ar": "مصطفى أحمد حسن",
    "last_name_en": "Ibrahim",
    "last_name_ar": "ابراهيم",
    "email": "mostafa.ahmed34@gmail.com",
    "phone": 532619689.0,
    "poi_number": 146378099.0,
    "identity_type": "National_ID",
    "gender": "Male"
  },
  {
    "parent_id": 12.0,
    "first_name_en": "Saud Fahad Abdullah",
    "first_name_ar": "سعود فهد عبد الله",
    "last_name_en": "Al Saud",
    "last_name_ar": "آل سعود",
    "email": "saud.fahad22@gmail.com",
    "phone": 519643903.0,
    "poi_number": 116071213.0,
    "identity_type": "National_ID",
    "gender": "Male"
  },
  {
    "parent_id": 13.0,
    "first_name_en": "Fahad Fahad Khalid",
    "first_name_ar": "فهد فهد خالد",
    "last_name_en": "Al Saud",
    "last_name_ar": "آل سعود",
    "email": "fahad.fahad60@gmail.com",
    "phone": 512285197.0,
    "poi_number": 225575449.0,
    "identity_type": "Iqama",
    "gender": "Male"
  },
  {
    "parent_id": 14.0,
    "first_name_en": "Fahad Khalid Turki",
    "first_name_ar": "فهد خالد تركي",
    "last_name_en": "Al Harbi",
    "last_name_ar": "الحربي",
    "email": "fahad.khalid36@gmail.com",
    "phone": 597597122.0,
    "poi_number": 113057825.0,
    "identity_type": "National_ID",
    "gender": "Male"
  },
  {
    "parent_id": 15.0,
    "first_name_en": "Rami Bassel Bassel",
    "first_name_ar": "رامي باسل باسل",
    "last_name_en": "Jaber",
    "last_name_ar": "جابر",
    "email": "rami.bassel54@gmail.com",
    "phone": 558528143.0,
    "poi_number": 118192977.0,
    "identity_type": "National_ID",
    "gender": "Male"
  },
  {
    "parent_id": 16.0,
    "first_name_en": "Jamil Nader Karam",
    "first_name_ar": "جميل نادر كرم",
    "last_name_en": "Jaber",
    "last_name_ar": "جابر",
    "email": "jamil.nader55@gmail.com",
    "phone": 598193462.0,
    "poi_number": 286473039.0,
    "identity_type": "Iqama",
    "gender": "Male"
  },
  {
    "parent_id": 17.0,
    "first_name_en": "Ismail Omar Nour",
    "first_name_ar": "إسماعيل عمر نور",
    "last_name_en": "Hassan",
    "last_name_ar": "حسن",
    "email": "ismail.omar53@gmail.com",
    "phone": 571064827.0,
    "poi_number": 225732041.0,
    "identity_type": "Iqama",
    "gender": "Male"
  },
  {
    "parent_id": 18.0,
    "first_name_en": "Bassel Nader Rami",
    "first_name_ar": "باسل نادر رامي",
    "last_name_en": "Kanaan",
    "last_name_ar": "كنعان",
    "email": "bassel.nader49@gmail.com",
    "phone": 587098378.0,
    "poi_number": 262162678.0,
    "identity_type": "Iqama",
    "gender": "Male"
  },
  {
    "parent_id": 19.0,
    "first_name_en": "Hassan Ahmed Tarek",
    "first_name_ar": "حسن أحمد طارق",
    "last_name_en": "Ibrahim",
    "last_name_ar": "ابراهيم",
    "email": "hassan.ahmed15@gmail.com",
    "phone": 573057326.0,
    "poi_number": 228097597.0,
    "identity_type": "Iqama",
    "gender": "Male"
  },
  {
    "parent_id": 20.0,
    "first_name_en": "Bader Nour Nour",
    "first_name_ar": "بدر نور نور",
    "last_name_en": "Ali",
    "last_name_ar": "علي",
    "email": "najat.nour91@gmail.com",
    "phone": 583359523.0,
    "poi_number": 151647436.0,
    "identity_type": "National_ID",
    "gender": "Male"
  },
  {
    "parent_id": 21.0,
    "first_name_en": "Mansour Bassel Bassel",
    "first_name_ar": "منصور باسل باسل",
    "last_name_en": "Jaber",
    "last_name_ar": "جابر",
    "email": "lina.bassel30@gmail.com",
    "phone": 532133866.0,
    "poi_number": 195550299.0,
    "identity_type": "National_ID",
    "gender": "Male"
  },
  {
    "parent_id": 22.0,
    "first_name_en": "Khalid Rami Bassel",
    "first_name_ar": "خالد رامي باسل",
    "last_name_en": "Kanaan",
    "last_name_ar": "كنعان",
    "email": "diala.rami63@gmail.com",
    "phone": 588878427.0,
    "poi_number": 132236518.0,
    "identity_type": "National_ID",
    "gender": "Male"
  },
  {
    "parent_id": 23.0,
    "first_name_en": "Karam Bassel Jamil",
    "first_name_ar": "كرم باسل جميل",
    "last_name_en": "Azar",
    "last_name_ar": "عازار",
    "email": "karam.bassel81@gmail.com",
    "phone": 581064472.0,
    "poi_number": 115222436.0,
    "identity_type": "National_ID",
    "gender": "Male"
  },
  {
    "parent_id": 24.0,
    "first_name_en": "Mohammed Rami Bassel",
    "first_name_ar": "محمد رامي باسل",
    "last_name_en": "Azar",
    "last_name_ar": "عازار",
    "email": "samar.rami34@gmail.com",
    "phone": 573626753.0,
    "poi_number": 127518332.0,
    "identity_type": "National_ID",
    "gender": "Male"
  },
  {
    "parent_id": 25.0,
    "first_name_en": "Faisal Saud Saud",
    "first_name_ar": "فيصل سعود سعود",
    "last_name_en": "Al Saud",
    "last_name_ar": "آل سعود",
    "email": "abeer.saud96@gmail.com",
    "phone": 570913396.0,
    "poi_number": 135563099.0,
    "identity_type": "National_ID",
    "gender": "Male"
  },
  {
    "parent_id": 26.0,
    "first_name_en": "Khalid Saud Khalid",
    "first_name_ar": "خالد سعود خالد",
    "last_name_en": "Al Saud",
    "last_name_ar": "آل سعود",
    "email": "khalid.saud70@gmail.com",
    "phone": 553243659.0,
    "poi_number": 112932053.0,
    "identity_type": "National_ID",
    "gender": "Male"
  },
  {
    "parent_id": 27.0,
    "first_name_en": "Ahmed Youssef Ahmed",
    "first_name_ar": "أحمد يوسف أحمد",
    "last_name_en": "Tawfik",
    "last_name_ar": "توفيق",
    "email": "mona.youssef93@gmail.com",
    "phone": 586562471.0,
    "poi_number": 225449714.0,
    "identity_type": "Iqama",
    "gender": "Male"
  },
  {
    "parent_id": 28.0,
    "first_name_en": "Omar Omar Abdelrahman",
    "first_name_ar": "عمر عمر عبد الرحمن",
    "last_name_en": "Abdelrahman",
    "last_name_ar": "عبد الرحمن",
    "email": "fatima.omar81@gmail.com",
    "phone": 542240094.0,
    "poi_number": 286164237.0,
    "identity_type": "Iqama",
    "gender": "Male"
  },
  {
    "parent_id": 29.0,
    "first_name_en": "Abdullah Turki Saud",
    "first_name_ar": "عبدالله تركي سعود",
    "last_name_en": "Al Mutairi",
    "last_name_ar": "المطيري",
    "email": "abeer.turki32@gmail.com",
    "phone": 527896363.0,
    "poi_number": 288802651.0,
    "identity_type": "Iqama",
    "gender": "Male"
  },
  {
    "parent_id": 30.0,
    "first_name_en": "Ahmed Mostafa Mostafa",
    "first_name_ar": "أحمد مصطفى مصطفى",
    "last_name_en": "Ibrahim",
    "last_name_ar": "ابراهيم",
    "email": "ahmed.mostafa21@gmail.com",
    "phone": 545399947.0,
    "poi_number": 115530166.0,
    "identity_type": "National_ID",
    "gender": "Male"
  },
  {
    "parent_id": 31.0,
    "first_name_en": "Ahmed Hassan Mostafa",
    "first_name_ar": "أحمد حسن مصطفى",
    "last_name_en": "Tawfik",
    "last_name_ar": "توفيق",
    "email": "ahmed.hassan26@gmail.com",
    "phone": 539380421.0,
    "poi_number": 174164753.0,
    "identity_type": "National_ID",
    "gender": "Male"
  },
  {
    "parent_id": 32.0,
    "first_name_en": "Abdelrahman Ismail Nour",
    "first_name_ar": "عبد الرحمن إسماعيل نور",
    "last_name_en": "Abdelrahman",
    "last_name_ar": "عبد الرحمن",
    "email": "abdelrahman.ismail61@gmail.com",
    "phone": 544093303.0,
    "poi_number": 265662992.0,
    "identity_type": "Iqama",
    "gender": "Male"
  },
  {
    "parent_id": 33.0,
    "first_name_en": "Abdullah Abdullah Saud",
    "first_name_ar": "عبدالله عبدالله سعود",
    "last_name_en": "Al Otaibi",
    "last_name_ar": "العتيبي",
    "email": "abdullah.abdullah25@gmail.com",
    "phone": 564301904.0,
    "poi_number": 176804796.0,
    "identity_type": "National_ID",
    "gender": "Male"
  },
  {
    "parent_id": 34.0,
    "first_name_en": "Karam Nader Rami",
    "first_name_ar": "كرم نادر رامي",
    "last_name_en": "Khoury",
    "last_name_ar": "خوري",
    "email": "karam.nader90@gmail.com",
    "phone": 575764214.0,
    "poi_number": 295748823.0,
    "identity_type": "Iqama",
    "gender": "Male"
  },
  {
    "parent_id": 35.0,
    "first_name_en": "Khalid Fahad Saud",
    "first_name_ar": "خالد فهد سعود",
    "last_name_en": "Al Harbi",
    "last_name_ar": "الحربي",
    "email": "khalid.fahad11@gmail.com",
    "phone": 513163606.0,
    "poi_number": 284688757.0,
    "identity_type": "Iqama",
    "gender": "Male"
  },
  {
    "parent_id": 36.0,
    "first_name_en": "Youssef Tarek Tarek",
    "first_name_ar": "يوسف طارق طارق",
    "last_name_en": "Farid",
    "last_name_ar": "فريد",
    "email": "rania.tarek64@gmail.com",
    "phone": 511229090.0,
    "poi_number": 239546403.0,
    "identity_type": "Iqama",
    "gender": "Male"
  },
  {
    "parent_id": 37.0,
    "first_name_en": "Hassan Mostafa Ahmed",
    "first_name_ar": "حسن مصطفى أحمد",
    "last_name_en": "El Sayed",
    "last_name_ar": "السيد",
    "email": "hassan.mostafa77@gmail.com",
    "phone": 560614308.0,
    "poi_number": 125959868.0,
    "identity_type": "National_ID",
    "gender": "Male"
  },
  {
    "parent_id": 38.0,
    "first_name_en": "Nasser Karam Bassel",
    "first_name_ar": "ناصر كرم باسل",
    "last_name_en": "Khoury",
    "last_name_ar": "خوري",
    "email": "samar.karam89@gmail.com",
    "phone": 519643367.0,
    "poi_number": 136571089.0,
    "identity_type": "National_ID",
    "gender": "Male"
  },
  {
    "parent_id": 39.0,
    "first_name_en": "Bader Jamil Bassel",
    "first_name_ar": "بدر جميل باسل",
    "last_name_en": "Kanaan",
    "last_name_ar": "كنعان",
    "email": "samar.jamil72@gmail.com",
    "phone": 519918181.0,
    "poi_number": 295679704.0,
    "identity_type": "Iqama",
    "gender": "Male"
  },
  {
    "parent_id": 40.0,
    "first_name_en": "Mansour Rami Rami",
    "first_name_ar": "منصور رامي رامي",
    "last_name_en": "Khoury",
    "last_name_ar": "خوري",
    "email": "samar.rami79@gmail.com",
    "phone": 581842025.0,
    "poi_number": 111302537.0,
    "identity_type": "National_ID",
    "gender": "Male"
  },
  {
    "parent_id": 41.0,
    "first_name_en": "Hisham Ahmed Ahmed",
    "first_name_ar": "هشام أحمد أحمد",
    "last_name_en": "Ibrahim",
    "last_name_ar": "ابراهيم",
    "email": "samah.ahmed87@gmail.com",
    "phone": 520925263.0,
    "poi_number": 288241980.0,
    "identity_type": "Iqama",
    "gender": "Male"
  },
  {
    "parent_id": 42.0,
    "first_name_en": "Karim Tarek Hassan",
    "first_name_ar": "كريم طارق حسن",
    "last_name_en": "El Sayed",
    "last_name_ar": "السيد",
    "email": "mona.tarek18@gmail.com",
    "phone": 530211156.0,
    "poi_number": 115453538.0,
    "identity_type": "National_ID",
    "gender": "Male"
  },
  {
    "parent_id": 43.0,
    "first_name_en": "Tarek Hassan Youssef",
    "first_name_ar": "طارق حسن يوسف",
    "last_name_en": "Farid",
    "last_name_ar": "فريد",
    "email": "tarek.hassan93@gmail.com",
    "phone": 561838817.0,
    "poi_number": 277779911.0,
    "identity_type": "Iqama",
    "gender": "Male"
  },
  {
    "parent_id": 44.0,
    "first_name_en": "Jamil Nader Rami",
    "first_name_ar": "جميل نادر رامي",
    "last_name_en": "Kanaan",
    "last_name_ar": "كنعان",
    "email": "jamil.nader19@gmail.com",
    "phone": 557225966.0,
    "poi_number": 148878062.0,
    "identity_type": "National_ID",
    "gender": "Male"
  },
  {
    "parent_id": 45.0,
    "first_name_en": "Faisal Nader Karam",
    "first_name_ar": "فيصل نادر كرم",
    "last_name_en": "Haddad",
    "last_name_ar": "حداد",
    "email": "hala.nader94@gmail.com",
    "phone": 500032305.0,
    "poi_number": 150593084.0,
    "identity_type": "National_ID",
    "gender": "Male"
  },
  {
    "parent_id": 46.0,
    "first_name_en": "Ahmed Hassan Mostafa",
    "first_name_ar": "أحمد حسن مصطفى",
    "last_name_en": "Ibrahim",
    "last_name_ar": "ابراهيم",
    "email": "mona.hassan62@gmail.com",
    "phone": 551561045.0,
    "poi_number": 218356229.0,
    "identity_type": "Iqama",
    "gender": "Male"
  },
  {
    "parent_id": 47.0,
    "first_name_en": "Abdelrahman Nour Abdelrahman",
    "first_name_ar": "عبد الرحمن نور عبد الرحمن",
    "last_name_en": "Ibrahim",
    "last_name_ar": "ابراهيم",
    "email": "abdelrahman.nour71@gmail.com",
    "phone": 556085031.0,
    "poi_number": 176012433.0,
    "identity_type": "National_ID",
    "gender": "Male"
  },
  {
    "parent_id": 48.0,
    "first_name_en": "Khalid Saud Fahad",
    "first_name_ar": "خالد سعود فهد",
    "last_name_en": "Al Harbi",
    "last_name_ar": "الحربي",
    "email": "khalid.saud59@gmail.com",
    "phone": 561590144.0,
    "poi_number": 123620483.0,
    "identity_type": "National_ID",
    "gender": "Male"
  },
  {
    "parent_id": 49.0,
    "first_name_en": "Bassel Jamil Bassel",
    "first_name_ar": "باسل جميل باسل",
    "last_name_en": "Jaber",
    "last_name_ar": "جابر",
    "email": "bassel.jamil23@gmail.com",
    "phone": 593963105.0,
    "poi_number": 236168916.0,
    "identity_type": "Iqama",
    "gender": "Male"
  },
  {
    "parent_id": 50.0,
    "first_name_en": "Turki Rami Nader",
    "first_name_ar": "تركي رامي نادر",
    "last_name_en": "Azar",
    "last_name_ar": "عازار",
    "email": "lina.rami88@gmail.com",
    "phone": 584867565.0,
    "poi_number": 297304898.0,
    "identity_type": "Iqama",
    "gender": "Male"
  },
  {
    "parent_id": 51.0,
    "first_name_en": "Abdullah Khalid Saud",
    "first_name_ar": "عبدالله خالد سعود",
    "last_name_en": "Al Otaibi",
    "last_name_ar": "العتيبي",
    "email": "maha.khalid97@gmail.com",
    "phone": 516314487.0,
    "poi_number": 115125024.0,
    "identity_type": "National_ID",
    "gender": "Male"
  },
  {
    "parent_id": 52.0,
    "first_name_en": "Saud Nader Jamil",
    "first_name_ar": "سعود نادر جميل",
    "last_name_en": "Haddad",
    "last_name_ar": "حداد",
    "email": "samar.nader15@gmail.com",
    "phone": 505366115.0,
    "poi_number": 244277372.0,
    "identity_type": "Iqama",
    "gender": "Male"
  },
  {
    "parent_id": 53.0,
    "first_name_en": "Saud Turki Khalid",
    "first_name_ar": "سعود تركي خالد",
    "last_name_en": "Al Mutairi",
    "last_name_ar": "المطيري",
    "email": "saud.turki99@gmail.com",
    "phone": 570291372.0,
    "poi_number": 278062712.0,
    "identity_type": "Iqama",
    "gender": "Male"
  },
  {
    "parent_id": 54.0,
    "first_name_en": "Ahmed Youssef Hassan",
    "first_name_ar": "أحمد يوسف حسن",
    "last_name_en": "El Sayed",
    "last_name_ar": "السيد",
    "email": "ahmed.youssef23@gmail.com",
    "phone": 555786417.0,
    "poi_number": 123315873.0,
    "identity_type": "National_ID",
    "gender": "Male"
  },
  {
    "parent_id": 55.0,
    "first_name_en": "Nader Bassel Jamil",
    "first_name_ar": "نادر باسل جميل",
    "last_name_en": "Azar",
    "last_name_ar": "عازار",
    "email": "nader.bassel13@gmail.com",
    "phone": 566655848.0,
    "poi_number": 243901509.0,
    "identity_type": "Iqama",
    "gender": "Male"
  },
  {
    "parent_id": 56.0,
    "first_name_en": "Nasser Fahad Turki",
    "first_name_ar": "ناصر فهد تركي",
    "last_name_en": "Al Otaibi",
    "last_name_ar": "العتيبي",
    "email": "huda.fahad54@gmail.com",
    "phone": 523878362.0,
    "poi_number": 140936318.0,
    "identity_type": "National_ID",
    "gender": "Male"
  },
  {
    "parent_id": 57.0,
    "first_name_en": "Hassan Ahmed Ahmed",
    "first_name_ar": "حسن أحمد أحمد",
    "last_name_en": "El Sayed",
    "last_name_ar": "السيد",
    "email": "hassan.ahmed10@gmail.com",
    "phone": 539361087.0,
    "poi_number": 213308468.0,
    "identity_type": "Iqama",
    "gender": "Male"
  },
  {
    "parent_id": 58.0,
    "first_name_en": "Omar Omar Abdelrahman",
    "first_name_ar": "عمر عمر عبد الرحمن",
    "last_name_en": "Abdelrahman",
    "last_name_ar": "عبد الرحمن",
    "email": "omar.omar26@gmail.com",
    "phone": 503749538.0,
    "poi_number": 158619012.0,
    "identity_type": "National_ID",
    "gender": "Male"
  },
  {
    "parent_id": 59.0,
    "first_name_en": "Tarek Mostafa Youssef",
    "first_name_ar": "طارق مصطفى يوسف",
    "last_name_en": "Tawfik",
    "last_name_ar": "توفيق",
    "email": "samah.mostafa91@gmail.com",
    "phone": 543887068.0,
    "poi_number": 189593715.0,
    "identity_type": "National_ID",
    "gender": "Male"
  },
  {
    "parent_id": 60.0,
    "first_name_en": "Abdullah Saud Saud",
    "first_name_ar": "عبدالله سعود سعود",
    "last_name_en": "Al Qahtani",
    "last_name_ar": "القحطاني",
    "email": "abdullah.saud26@gmail.com",
    "phone": 529906048.0,
    "poi_number": 278227226.0,
    "identity_type": "Iqama",
    "gender": "Male"
  },
  {
    "parent_id": 61.0,
    "first_name_en": "Nour Abdelrahman Mohamed",
    "first_name_ar": "نور عبد الرحمن محمد",
    "last_name_en": "Ibrahim",
    "last_name_ar": "ابراهيم",
    "email": "nour.abdelrahman26@gmail.com",
    "phone": 580692801.0,
    "poi_number": 162855098.0,
    "identity_type": "National_ID",
    "gender": "Male"
  },
  {
    "parent_id": 62.0,
    "first_name_en": "Fahad Saud Abdullah",
    "first_name_ar": "فهد سعود عبدالله",
    "last_name_en": "Al Qahtani",
    "last_name_ar": "القحطاني",
    "email": "fahad.saud85@gmail.com",
    "phone": 556665214.0,
    "poi_number": 295492134.0,
    "identity_type": "Iqama",
    "gender": "Male"
  },
  {
    "parent_id": 63.0,
    "first_name_en": "Mostafa Tarek Tarek",
    "first_name_ar": "مصطفى طارق طارق",
    "last_name_en": "Tawfik",
    "last_name_ar": "توفيق",
    "email": "mostafa.tarek17@gmail.com",
    "phone": 550523814.0,
    "poi_number": 211131134.0,
    "identity_type": "Iqama",
    "gender": "Male"
  },
  {
    "parent_id": 64.0,
    "first_name_en": "Mansour Karam Karam",
    "first_name_ar": "منصور كرم كرم",
    "last_name_en": "Azar",
    "last_name_ar": "عازار",
    "email": "hala.karam21@gmail.com",
    "phone": 524891778.0,
    "poi_number": 147174317.0,
    "identity_type": "National_ID",
    "gender": "Male"
  },
  {
    "parent_id": 65.0,
    "first_name_en": "Turki Abdullah Saud",
    "first_name_ar": "تركي عبد الله سعود",
    "last_name_en": "Al Harbi",
    "last_name_ar": "الحربي",
    "email": "turki.abdullah65@gmail.com",
    "phone": 523452830.0,
    "poi_number": 170860630.0,
    "identity_type": "National_ID",
    "gender": "Male"
  },
  {
    "parent_id": 66.0,
    "first_name_en": "Mostafa Tarek Ahmed",
    "first_name_ar": "مصطفى طارق أحمد",
    "last_name_en": "Farid",
    "last_name_ar": "فريد",
    "email": "mostafa.tarek47@gmail.com",
    "phone": 500247384.0,
    "poi_number": 293045275.0,
    "identity_type": "Iqama",
    "gender": "Male"
  },
  {
    "parent_id": 67.0,
    "first_name_en": "Karam Bassel Rami",
    "first_name_ar": "كرم باسل رامي",
    "last_name_en": "Jaber",
    "last_name_ar": "جابر",
    "email": "karam.bassel79@gmail.com",
    "phone": 581760142.0,
    "poi_number": 166936377.0,
    "identity_type": "National_ID",
    "gender": "Male"
  },
  {
    "parent_id": 68.0,
    "first_name_en": "Nader Nader Karam",
    "first_name_ar": "نادر نادر كرم",
    "last_name_en": "Azar",
    "last_name_ar": "عازار",
    "email": "nader.nader45@gmail.com",
    "phone": 584834408.0,
    "poi_number": 126217744.0,
    "identity_type": "National_ID",
    "gender": "Male"
  },
  {
    "parent_id": 69.0,
    "first_name_en": "Ahmed Mostafa Youssef",
    "first_name_ar": "أحمد مصطفى يوسف",
    "last_name_en": "Mahmoud",
    "last_name_ar": "محمود",
    "email": "ahmed.mostafa66@gmail.com",
    "phone": 513694466.0,
    "poi_number": 257489189.0,
    "identity_type": "Iqama",
    "gender": "Male"
  },
  {
    "parent_id": 70.0,
    "first_name_en": "Hassan Ahmed Tarek",
    "first_name_ar": "حسن أحمد طارق",
    "last_name_en": "Ibrahim",
    "last_name_ar": "ابراهيم",
    "email": "hassan.ahmed78@gmail.com",
    "phone": 545619318.0,
    "poi_number": 181160284.0,
    "identity_type": "National_ID",
    "gender": "Male"
  },
  {
    "parent_id": 71.0,
    "first_name_en": "Omar Ismail Abdelrahman",
    "first_name_ar": "عمر إسماعيل عبد الرحمن",
    "last_name_en": "Hassan",
    "last_name_ar": "حسن",
    "email": "omar.ismail83@gmail.com",
    "phone": 570203922.0,
    "poi_number": 181320053.0,
    "identity_type": "National_ID",
    "gender": "Male"
  },
  {
    "parent_id": 72.0,
    "first_name_en": "Khalid Abdullah Turki",
    "first_name_ar": "خالد عبد الله تركي",
    "last_name_en": "Al Otaibi",
    "last_name_ar": "العتيبي",
    "email": "latifa.abdullah47@gmail.com",
    "phone": 559373173.0,
    "poi_number": 286266934.0,
    "identity_type": "Iqama",
    "gender": "Male"
  },
  {
    "parent_id": 73.0,
    "first_name_en": "Omar Omar Mohamed",
    "first_name_ar": "عمر عمر محمد",
    "last_name_en": "Mustafa",
    "last_name_ar": "مصطفى",
    "email": "omar.omar27@gmail.com",
    "phone": 575110005.0,
    "poi_number": 257520841.0,
    "identity_type": "Iqama",
    "gender": "Male"
  },
  {
    "parent_id": 74.0,
    "first_name_en": "Mohammed Jamil Nader",
    "first_name_ar": "محمد جميل نادر",
    "last_name_en": "Jaber",
    "last_name_ar": "جابر",
    "email": "rima.jamil73@gmail.com",
    "phone": 587517270.0,
    "poi_number": 169590222.0,
    "identity_type": "National_ID",
    "gender": "Male"
  },
  {
    "parent_id": 75.0,
    "first_name_en": "Tarek Ahmed Tarek",
    "first_name_ar": "طارق أحمد طارق",
    "last_name_en": "El Sayed",
    "last_name_ar": "السيد",
    "email": "tarek.ahmed55@gmail.com",
    "phone": 563287533.0,
    "poi_number": 211356953.0,
    "identity_type": "Iqama",
    "gender": "Male"
  },
  {
    "parent_id": 76.0,
    "first_name_en": "Turki Turki Turki",
    "first_name_ar": "تركي تركي تركي",
    "last_name_en": "Al Saud",
    "last_name_ar": "آل سعود",
    "email": "turki.turki56@gmail.com",
    "phone": 505526799.0,
    "poi_number": 193332674.0,
    "identity_type": "National_ID",
    "gender": "Male"
  },
  {
    "parent_id": 77.0,
    "first_name_en": "Faisal Turki Saud",
    "first_name_ar": "فيصل تركي سعود",
    "last_name_en": "Al Mutairi",
    "last_name_ar": "المطيري",
    "email": "noura.turki46@gmail.com",
    "phone": 525663012.0,
    "poi_number": 168253032.0,
    "identity_type": "National_ID",
    "gender": "Male"
  },
  {
    "parent_id": 78.0,
    "first_name_en": "Fahad Bassel Jamil",
    "first_name_ar": "فهد باسل جميل",
    "last_name_en": "Azar",
    "last_name_ar": "عازار",
    "email": "hala.bassel28@gmail.com",
    "phone": 560034501.0,
    "poi_number": 180351815.0,
    "identity_type": "National_ID",
    "gender": "Male"
  },
  {
    "parent_id": 79.0,
    "first_name_en": "Mostafa Ahmed Mostafa",
    "first_name_ar": "مصطفى أحمد مصطفى",
    "last_name_en": "Mahmoud",
    "last_name_ar": "محمود",
    "email": "mostafa.ahmed64@gmail.com",
    "phone": 566029555.0,
    "poi_number": 239549310.0,
    "identity_type": "Iqama",
    "gender": "Male"
  },
  {
    "parent_id": 80.0,
    "first_name_en": "Omar Mohamed Omar",
    "first_name_ar": "عمر محمد عمر",
    "last_name_en": "Mustafa",
    "last_name_ar": "مصطفى",
    "email": "amna.mohamed14@gmail.com",
    "phone": 531410875.0,
    "poi_number": 135065948.0,
    "identity_type": "National_ID",
    "gender": "Male"
  },
  {
    "parent_id": 81.0,
    "first_name_en": "Tarek Tarek Mostafa",
    "first_name_ar": "طارق طارق مصطفى",
    "last_name_en": "Ibrahim",
    "last_name_ar": "ابراهيم",
    "email": "tarek.tarek88@gmail.com",
    "phone": 511627235.0,
    "poi_number": 257388398.0,
    "identity_type": "Iqama",
    "gender": "Male"
  },
  {
    "parent_id": 82.0,
    "first_name_en": "Abdullah Nader Jamil",
    "first_name_ar": "عبد الله نادر جميل",
    "last_name_en": "Kanaan",
    "last_name_ar": "كنعان",
    "email": "lina.nader65@gmail.com",
    "phone": 577975149.0,
    "poi_number": 275793807.0,
    "identity_type": "Iqama",
    "gender": "Male"
  },
  {
    "parent_id": 83.0,
    "first_name_en": "Youssef Mostafa Ahmed",
    "first_name_ar": "يوسف مصطفى أحمد",
    "last_name_en": "El Sayed",
    "last_name_ar": "السيد",
    "email": "nihal.mostafa30@gmail.com",
    "phone": 546949661.0,
    "poi_number": 148897598.0,
    "identity_type": "National_ID",
    "gender": "Male"
  },
  {
    "parent_id": 84.0,
    "first_name_en": "Fahad Abdullah Saud",
    "first_name_ar": "فهد عبد الله سعود",
    "last_name_en": "Al Mutairi",
    "last_name_ar": "المطيري",
    "email": "fahad.abdullah60@gmail.com",
    "phone": 574862420.0,
    "poi_number": 170895143.0,
    "identity_type": "National_ID",
    "gender": "Male"
  },
  {
    "parent_id": 85.0,
    "first_name_en": "Mahmoud Omar Ismail",
    "first_name_ar": "محمود عمر إسماعيل",
    "last_name_en": "Abdelrahman",
    "last_name_ar": "عبد الرحمن",
    "email": "rasha.omar51@gmail.com",
    "phone": 571927435.0,
    "poi_number": 253640017.0,
    "identity_type": "Iqama",
    "gender": "Male"
  },
  {
    "parent_id": 86.0,
    "first_name_en": "Hassan Ahmed Ahmed",
    "first_name_ar": "حسن أحمد أحمد",
    "last_name_en": "Tawfik",
    "last_name_ar": "توفيق",
    "email": "hassan.ahmed54@gmail.com",
    "phone": 525204080.0,
    "poi_number": 143725836.0,
    "identity_type": "National_ID",
    "gender": "Male"
  },
  {
    "parent_id": 87.0,
    "first_name_en": "Tarek Youssef Mostafa",
    "first_name_ar": "طارق يوسف مصطفى",
    "last_name_en": "Ibrahim",
    "last_name_ar": "ابراهيم",
    "email": "dina.youssef40@gmail.com",
    "phone": 505973078.0,
    "poi_number": 284084666.0,
    "identity_type": "Iqama",
    "gender": "Male"
  },
  {
    "parent_id": 88.0,
    "first_name_en": "Abdullah Turki Fahad",
    "first_name_ar": "عبد الله تركي فهد",
    "last_name_en": "Al Harbi",
    "last_name_ar": "الحربي",
    "email": "abdullah.turki73@gmail.com",
    "phone": 561808830.0,
    "poi_number": 225854286.0,
    "identity_type": "Iqama",
    "gender": "Male"
  },
  {
    "parent_id": 89.0,
    "first_name_en": "Saud Khalid Fahad",
    "first_name_ar": "سعود خالد فهد",
    "last_name_en": "Al Qahtani",
    "last_name_ar": "القحطاني",
    "email": "saud.khalid66@gmail.com",
    "phone": 582242811.0,
    "poi_number": 167302324.0,
    "identity_type": "National_ID",
    "gender": "Male"
  },
  {
    "parent_id": 90.0,
    "first_name_en": "Rami Karam Karam",
    "first_name_ar": "رامي كرم كرم",
    "last_name_en": "Jaber",
    "last_name_ar": "جابر",
    "email": "rami.karam55@gmail.com",
    "phone": 542895582.0,
    "poi_number": 224399599.0,
    "identity_type": "Iqama",
    "gender": "Male"
  },
  {
    "parent_id": 91.0,
    "first_name_en": "Tarek Tarek Hassan",
    "first_name_ar": "طارق طارق حسن",
    "last_name_en": "Mahmoud",
    "last_name_ar": "محمود",
    "email": "tarek.tarek78@gmail.com",
    "phone": 585141860.0,
    "poi_number": 246580534.0,
    "identity_type": "Iqama",
    "gender": "Male"
  },
  {
    "parent_id": 92.0,
    "first_name_en": "Omar Nour Omar",
    "first_name_ar": "عمر نور عمر",
    "last_name_en": "Mustafa",
    "last_name_ar": "مصطفى",
    "email": "omar.nour41@gmail.com",
    "phone": 529268149.0,
    "poi_number": 298532804.0,
    "identity_type": "Iqama",
    "gender": "Male"
  },
  {
    "parent_id": 93.0,
    "first_name_en": "Mansour Fahad Turki",
    "first_name_ar": "منصور فهد تركي",
    "last_name_en": "Al Saud",
    "last_name_ar": "آل سعود",
    "email": "huda.fahad82@gmail.com",
    "phone": 548171368.0,
    "poi_number": 183368443.0,
    "identity_type": "National_ID",
    "gender": "Male"
  },
  {
    "parent_id": 94.0,
    "first_name_en": "Tarek Youssef Ahmed",
    "first_name_ar": "طارق يوسف أحمد",
    "last_name_en": "Ibrahim",
    "last_name_ar": "ابراهيم",
    "email": "tarek.youssef96@gmail.com",
    "phone": 543930720.0,
    "poi_number": 160089642.0,
    "identity_type": "National_ID",
    "gender": "Male"
  },
  {
    "parent_id": 95.0,
    "first_name_en": "Khalid Bassel Rami",
    "first_name_ar": "خالد باسل رامي",
    "last_name_en": "Kanaan",
    "last_name_ar": "كنعان",
    "email": "diala.bassel74@gmail.com",
    "phone": 544007940.0,
    "poi_number": 288575211.0,
    "identity_type": "Iqama",
    "gender": "Male"
  },
  {
    "parent_id": 96.0,
    "first_name_en": "Khalid Fahad Fahad",
    "first_name_ar": "خالد فهد فهد",
    "last_name_en": "Al Saud",
    "last_name_ar": "آل سعود",
    "email": "khalid.fahad27@gmail.com",
    "phone": 527716529.0,
    "poi_number": 286436732.0,
    "identity_type": "Iqama",
    "gender": "Male"
  },
  {
    "parent_id": 97.0,
    "first_name_en": "Nour Ismail Nour",
    "first_name_ar": "نور إسماعيل نور",
    "last_name_en": "Abdelrahman",
    "last_name_ar": "عبد الرحمن",
    "email": "nour.ismail87@gmail.com",
    "phone": 579326442.0,
    "poi_number": 194421522.0,
    "identity_type": "National_ID",
    "gender": "Male"
  },
  {
    "parent_id": 98.0,
    "first_name_en": "Nader Bassel Jamil",
    "first_name_ar": "نادر باسل جميل",
    "last_name_en": "Azar",
    "last_name_ar": "عازار",
    "email": "nader.bassel68@gmail.com",
    "phone": 541432912.0,
    "poi_number": 139537777.0,
    "identity_type": "National_ID",
    "gender": "Male"
  },
  {
    "parent_id": 99.0,
    "first_name_en": "Mohammed Mohamed Nour",
    "first_name_ar": "محمد محمد نور",
    "last_name_en": "Ibrahim",
    "last_name_ar": "ابراهيم",
    "email": "salma.mohamed43@gmail.com",
    "phone": 518447458.0,
    "poi_number": 235644528.0,
    "identity_type": "Iqama",
    "gender": "Male"
  },
  {
    "parent_id": 100.0,
    "first_name_en": "Sherif Youssef Mostafa",
    "first_name_ar": "شريف يوسف مصطفى",
    "last_name_en": "Ibrahim",
    "last_name_ar": "ابراهيم",
    "email": "rania.youssef41@gmail.com",
    "phone": 546058876.0,
    "poi_number": 299715516.0,
    "identity_type": "Iqama",
    "gender": "Male"
  },
  {
    "parent_id": NaN,
    "first_name_en": NaN,
    "first_name_ar": NaN,
    "last_name_en": NaN,
    "last_name_ar": NaN,
    "email": NaN,
    "phone": NaN,
    "poi_number": NaN,
    "identity_type": NaN,
    "gender": NaN
  },
  {
    "parent_id": NaN,
    "first_name_en": NaN,
    "first_name_ar": "Fahad Karam Jamil",
    "last_name_en": NaN,
    "last_name_ar": NaN,
    "email": NaN,
    "phone": NaN,
    "poi_number": NaN,
    "identity_type": NaN,
    "gender": NaN
  },
  {
    "parent_id": NaN,
    "first_name_en": NaN,
    "first_name_ar": "Omar Ismail Abdelrahman",
    "last_name_en": NaN,
    "last_name_ar": NaN,
    "email": NaN,
    "phone": NaN,
    "poi_number": NaN,
    "identity_type": NaN,
    "gender": NaN
  },
  {
    "parent_id": NaN,
    "first_name_en": NaN,
    "first_name_ar": "Abdullah Saud Saud",
    "last_name_en": NaN,
    "last_name_ar": NaN,
    "email": NaN,
    "phone": NaN,
    "poi_number": NaN,
    "identity_type": NaN,
    "gender": NaN
  },
  {
    "parent_id": NaN,
    "first_name_en": NaN,
    "first_name_ar": "Youssef Omar Abdelrahman",
    "last_name_en": NaN,
    "last_name_ar": NaN,
    "email": NaN,
    "phone": NaN,
    "poi_number": NaN,
    "identity_type": NaN,
    "gender": NaN
  },
  {
    "parent_id": NaN,
    "first_name_en": NaN,
    "first_name_ar": "Nasser Abdullah Saud",
    "last_name_en": NaN,
    "last_name_ar": NaN,
    "email": NaN,
    "phone": NaN,
    "poi_number": NaN,
    "identity_type": NaN,
    "gender": NaN
  },
  {
    "parent_id": NaN,
    "first_name_en": NaN,
    "first_name_ar": "Bader Nour Nour",
    "last_name_en": NaN,
    "last_name_ar": NaN,
    "email": NaN,
    "phone": NaN,
    "poi_number": NaN,
    "identity_type": NaN,
    "gender": NaN
  },
  {
    "parent_id": NaN,
    "first_name_en": NaN,
    "first_name_ar": "Mansour Bassel Bassel",
    "last_name_en": NaN,
    "last_name_ar": NaN,
    "email": NaN,
    "phone": NaN,
    "poi_number": NaN,
    "identity_type": NaN,
    "gender": NaN
  },
  {
    "parent_id": NaN,
    "first_name_en": NaN,
    "first_name_ar": "Khalid Rami Bassel",
    "last_name_en": NaN,
    "last_name_ar": NaN,
    "email": NaN,
    "phone": NaN,
    "poi_number": NaN,
    "identity_type": NaN,
    "gender": NaN
  },
  {
    "parent_id": NaN,
    "first_name_en": NaN,
    "first_name_ar": "Mohammed Rami Bassel",
    "last_name_en": NaN,
    "last_name_ar": NaN,
    "email": NaN,
    "phone": NaN,
    "poi_number": NaN,
    "identity_type": NaN,
    "gender": NaN
  },
  {
    "parent_id": NaN,
    "first_name_en": NaN,
    "first_name_ar": "Faisal Saud Saud",
    "last_name_en": NaN,
    "last_name_ar": NaN,
    "email": NaN,
    "phone": NaN,
    "poi_number": NaN,
    "identity_type": NaN,
    "gender": NaN
  },
  {
    "parent_id": NaN,
    "first_name_en": NaN,
    "first_name_ar": "Ahmed Youssef Ahmed",
    "last_name_en": NaN,
    "last_name_ar": NaN,
    "email": NaN,
    "phone": NaN,
    "poi_number": NaN,
    "identity_type": NaN,
    "gender": NaN
  },
  {
    "parent_id": NaN,
    "first_name_en": NaN,
    "first_name_ar": "Omar Omar Abdelrahman",
    "last_name_en": NaN,
    "last_name_ar": NaN,
    "email": NaN,
    "phone": NaN,
    "poi_number": NaN,
    "identity_type": NaN,
    "gender": NaN
  },
  {
    "parent_id": NaN,
    "first_name_en": NaN,
    "first_name_ar": "Abdullah Turki Saud",
    "last_name_en": NaN,
    "last_name_ar": NaN,
    "email": NaN,
    "phone": NaN,
    "poi_number": NaN,
    "identity_type": NaN,
    "gender": NaN
  },
  {
    "parent_id": NaN,
    "first_name_en": NaN,
    "first_name_ar": "Youssef Tarek Tarek",
    "last_name_en": NaN,
    "last_name_ar": NaN,
    "email": NaN,
    "phone": NaN,
    "poi_number": NaN,
    "identity_type": NaN,
    "gender": NaN
  },
  {
    "parent_id": NaN,
    "first_name_en": NaN,
    "first_name_ar": "Nasser Karam Bassel",
    "last_name_en": NaN,
    "last_name_ar": NaN,
    "email": NaN,
    "phone": NaN,
    "poi_number": NaN,
    "identity_type": NaN,
    "gender": NaN
  },
  {
    "parent_id": NaN,
    "first_name_en": NaN,
    "first_name_ar": "Bader Jamil Bassel",
    "last_name_en": NaN,
    "last_name_ar": NaN,
    "email": NaN,
    "phone": NaN,
    "poi_number": NaN,
    "identity_type": NaN,
    "gender": NaN
  },
  {
    "parent_id": NaN,
    "first_name_en": NaN,
    "first_name_ar": "Mansour Rami Rami",
    "last_name_en": NaN,
    "last_name_ar": NaN,
    "email": NaN,
    "phone": NaN,
    "poi_number": NaN,
    "identity_type": NaN,
    "gender": NaN
  },
  {
    "parent_id": NaN,
    "first_name_en": NaN,
    "first_name_ar": "Hisham Ahmed Ahmed",
    "last_name_en": NaN,
    "last_name_ar": NaN,
    "email": NaN,
    "phone": NaN,
    "poi_number": NaN,
    "identity_type": NaN,
    "gender": NaN
  },
  {
    "parent_id": NaN,
    "first_name_en": NaN,
    "first_name_ar": "Karim Tarek Hassan",
    "last_name_en": NaN,
    "last_name_ar": NaN,
    "email": NaN,
    "phone": NaN,
    "poi_number": NaN,
    "identity_type": NaN,
    "gender": NaN
  },
  {
    "parent_id": NaN,
    "first_name_en": NaN,
    "first_name_ar": "Faisal Nader Karam",
    "last_name_en": NaN,
    "last_name_ar": NaN,
    "email": NaN,
    "phone": NaN,
    "poi_number": NaN,
    "identity_type": NaN,
    "gender": NaN
  },
  {
    "parent_id": NaN,
    "first_name_en": NaN,
    "first_name_ar": "Ahmed Hassan Mostafa",
    "last_name_en": NaN,
    "last_name_ar": NaN,
    "email": NaN,
    "phone": NaN,
    "poi_number": NaN,
    "identity_type": NaN,
    "gender": NaN
  },
  {
    "parent_id": NaN,
    "first_name_en": NaN,
    "first_name_ar": "Turki Rami Nader",
    "last_name_en": NaN,
    "last_name_ar": NaN,
    "email": NaN,
    "phone": NaN,
    "poi_number": NaN,
    "identity_type": NaN,
    "gender": NaN
  },
  {
    "parent_id": NaN,
    "first_name_en": NaN,
    "first_name_ar": "Abdullah Khalid Saud",
    "last_name_en": NaN,
    "last_name_ar": NaN,
    "email": NaN,
    "phone": NaN,
    "poi_number": NaN,
    "identity_type": NaN,
    "gender": NaN
  },
  {
    "parent_id": NaN,
    "first_name_en": NaN,
    "first_name_ar": "Saud Nader Jamil",
    "last_name_en": NaN,
    "last_name_ar": NaN,
    "email": NaN,
    "phone": NaN,
    "poi_number": NaN,
    "identity_type": NaN,
    "gender": NaN
  },
  {
    "parent_id": NaN,
    "first_name_en": NaN,
    "first_name_ar": "Nasser Fahad Turki",
    "last_name_en": NaN,
    "last_name_ar": NaN,
    "email": NaN,
    "phone": NaN,
    "poi_number": NaN,
    "identity_type": NaN,
    "gender": NaN
  },
  {
    "parent_id": NaN,
    "first_name_en": NaN,
    "first_name_ar": "Tarek Mostafa Youssef",
    "last_name_en": NaN,
    "last_name_ar": NaN,
    "email": NaN,
    "phone": NaN,
    "poi_number": NaN,
    "identity_type": NaN,
    "gender": NaN
  },
  {
    "parent_id": NaN,
    "first_name_en": NaN,
    "first_name_ar": "Mansour Karam Karam",
    "last_name_en": NaN,
    "last_name_ar": NaN,
    "email": NaN,
    "phone": NaN,
    "poi_number": NaN,
    "identity_type": NaN,
    "gender": NaN
  },
  {
    "parent_id": NaN,
    "first_name_en": NaN,
    "first_name_ar": "Khalid Abdullah Turki",
    "last_name_en": NaN,
    "last_name_ar": NaN,
    "email": NaN,
    "phone": NaN,
    "poi_number": NaN,
    "identity_type": NaN,
    "gender": NaN
  },
  {
    "parent_id": NaN,
    "first_name_en": NaN,
    "first_name_ar": "Mohammed Jamil Nader",
    "last_name_en": NaN,
    "last_name_ar": NaN,
    "email": NaN,
    "phone": NaN,
    "poi_number": NaN,
    "identity_type": NaN,
    "gender": NaN
  },
  {
    "parent_id": NaN,
    "first_name_en": NaN,
    "first_name_ar": "Faisal Turki Saud",
    "last_name_en": NaN,
    "last_name_ar": NaN,
    "email": NaN,
    "phone": NaN,
    "poi_number": NaN,
    "identity_type": NaN,
    "gender": NaN
  },
  {
    "parent_id": NaN,
    "first_name_en": NaN,
    "first_name_ar": "Fahad Bassel Jamil",
    "last_name_en": NaN,
    "last_name_ar": NaN,
    "email": NaN,
    "phone": NaN,
    "poi_number": NaN,
    "identity_type": NaN,
    "gender": NaN
  },
  {
    "parent_id": NaN,
    "first_name_en": NaN,
    "first_name_ar": "Omar Mohamed Omar",
    "last_name_en": NaN,
    "last_name_ar": NaN,
    "email": NaN,
    "phone": NaN,
    "poi_number": NaN,
    "identity_type": NaN,
    "gender": NaN
  },
  {
    "parent_id": NaN,
    "first_name_en": NaN,
    "first_name_ar": "Abdullah Nader Jamil",
    "last_name_en": NaN,
    "last_name_ar": NaN,
    "email": NaN,
    "phone": NaN,
    "poi_number": NaN,
    "identity_type": NaN,
    "gender": NaN
  },
  {
    "parent_id": NaN,
    "first_name_en": NaN,
    "first_name_ar": "Youssef Mostafa Ahmed",
    "last_name_en": NaN,
    "last_name_ar": NaN,
    "email": NaN,
    "phone": NaN,
    "poi_number": NaN,
    "identity_type": NaN,
    "gender": NaN
  },
  {
    "parent_id": NaN,
    "first_name_en": NaN,
    "first_name_ar": "Mahmoud Omar Ismail",
    "last_name_en": NaN,
    "last_name_ar": NaN,
    "email": NaN,
    "phone": NaN,
    "poi_number": NaN,
    "identity_type": NaN,
    "gender": NaN
  },
  {
    "parent_id": NaN,
    "first_name_en": NaN,
    "first_name_ar": "Tarek Youssef Mostafa",
    "last_name_en": NaN,
    "last_name_ar": NaN,
    "email": NaN,
    "phone": NaN,
    "poi_number": NaN,
    "identity_type": NaN,
    "gender": NaN
  },
  {
    "parent_id": NaN,
    "first_name_en": NaN,
    "first_name_ar": "Mansour Fahad Turki",
    "last_name_en": NaN,
    "last_name_ar": NaN,
    "email": NaN,
    "phone": NaN,
    "poi_number": NaN,
    "identity_type": NaN,
    "gender": NaN
  },
  {
    "parent_id": NaN,
    "first_name_en": NaN,
    "first_name_ar": "Khalid Bassel Rami",
    "last_name_en": NaN,
    "last_name_ar": NaN,
    "email": NaN,
    "phone": NaN,
    "poi_number": NaN,
    "identity_type": NaN,
    "gender": NaN
  },
  {
    "parent_id": NaN,
    "first_name_en": NaN,
    "first_name_ar": "Mohammed Mohamed Nour",
    "last_name_en": NaN,
    "last_name_ar": NaN,
    "email": NaN,
    "phone": NaN,
    "poi_number": NaN,
    "identity_type": NaN,
    "gender": NaN
  },
  {
    "parent_id": NaN,
    "first_name_en": NaN,
    "first_name_ar": "Sherif Youssef Mostafa",
    "last_name_en": NaN,
    "last_name_ar": NaN,
    "email": NaN,
    "phone": NaN,
    "poi_number": NaN,
    "identity_type": NaN,
    "gender": NaN
  }
]