[
  {
    "attendance_id": 9001,
    "student_id": 365,
    "date_g": "2025-05-26",
    "date_h": "27-11-1446",
    "check_in_time": "07:15:00",
    "check_out_time": "13:02:00",
    "status": "VIOLATION"
  },
  {
    "attendance_id": 9002,
    "student_id": 365,
    "date_g": "2025-05-27",
    "date_h": "28-11-1446",
    "check_in_time": "07:15:00",
    "check_out_time": "13:50:00",
    "status": "IN_TIME"
  },
  {
    "attendance_id": 9003,
    "student_id": 365,
    "date_g": "2025-05-28",
    "date_h": "29-11-1446",
    "check_in_time": "07:15:00",
    "check_out_time": "13:38:00",
    "status": "IN_TIME"
  },
  {
    "attendance_id": 9004,
    "student_id": 365,
    "date_g": "2025-05-29",
    "date_h": "30-11-1446",
    "check_in_time": "07:15:00",
    "check_out_time": "13:30:00",
    "status": "IN_TIME"
  },
  {
    "attendance_id": 9005,
    "student_id": 485,
    "date_g": "2025-05-01",
    "date_h": "02-11-1446",
    "check_in_time": "07:15:00",
    "check_out_time": "13:19:00",
    "status": "VIOLATION"
  },
  {
    "attendance_id": 9006,
    "student_id": 485,
    "date_g": "2025-05-04",
    "date_h": "05-11-1446",
    "check_in_time": "07:15:00",
    "check_out_time": "13:38:00",
    "status": "IN_TIME"
  },
  {
    "attendance_id": 9007,
    "student_id": 485,
    "date_g": "2025-05-08",
    "date_h": "09-11-1446",
    "check_in_time": "07:15:00",
    "check_out_time": "13:30:00",
    "status": "IN_TIME"
  },
  {
    "attendance_id": 9008,
    "student_id": 485,
    "date_g": "2025-05-12",
    "date_h": "13-11-1446",
    "check_in_time": "07:15:00",
    "check_out_time": "13:19:00",
    "status": "VIOLATION"
  },
  {
    "attendance_id": 9009,
    "student_id": 485,
    "date_g": "2025-05-13",
    "date_h": "14-11-1446",
    "check_in_time": "07:15:00",
    "check_out_time": "13:38:00",
    "status": "IN_TIME"
  },
  {
    "attendance_id": 9010,
    "student_id": 485,
    "date_g": "2025-05-14",
    "date_h": "15-11-1446",
    "check_in_time": "07:15:00",
    "check_out_time": "13:50:00",
    "status": "IN_TIME"
  },
  {
    "attendance_id": 9011,
    "student_id": 485,
    "date_g": "2025-05-15",
    "date_h": "16-11-1446",
    "check_in_time": "07:15:00",
    "check_out_time": "13:04:00",
    "status": "VIOLATION"
  },
  {
    "attendance_id": 9012,
    "student_id": 485,
    "date_g": "2025-05-18",
    "date_h": "19-11-1446",
    "check_in_time": "07:15:00",
    "check_out_time": "13:03:00",
    "status": "VIOLATION"
  },
  {
    "attendance_id": 9013,
    "student_id": 485,
    "date_g": "2025-05-19",
    "date_h": "20-11-1446",
    "check_in_time": "07:15:00",
    "check_out_time": "13:19:00",
    "status": "VIOLATION"
  },
  {
    "attendance_id": 9014,
    "student_id": 485,
    "date_g": "2025-05-20",
    "date_h": "21-11-1446",
    "check_in_time": "07:15:00",
    "check_out_time": "13:38:00",
    "status": "IN_TIME"
  },
  {
    "attendance_id": 9015,
    "student_id": 485,
    "date_g": "2025-05-21",
    "date_h": "22-11-1446",
    "check_in_time": "07:15:00",
    "check_out_time": "13:38:00",
    "status": "IN_TIME"
  },
  {
    "attendance_id": 9016,
    "student_id": 485,
    "date_g": "2025-05-22",
    "date_h": "23-11-1446",
    "check_in_time": "07:15:00",
    "check_out_time": "13:30:00",
    "status": "IN_TIME"
  },
  {
    "attendance_id": 9017,
    "student_id": 485,
    "date_g": "2025-05-26",
    "date_h": "27-11-1446",
    "check_in_time": "07:15:00",
    "check_out_time": "13:19:00",
    "status": "VIOLATION"
  },
  {
    "attendance_id": 9018,
    "student_id": 485,
    "date_g": "2025-05-29",
    "date_h": "30-11-1446",
    "check_in_time": "07:15:00",
    "check_out_time": "13:30:00",
    "status": "IN_TIME"
  },
  {
    "attendance_id": 9019,
    "student_id": 203,
    "date_g": "2025-05-01",
    "date_h": "02-11-1446",
    "check_in_time": "07:15:00",
    "check_out_time": "13:38:00",
    "status": "IN_TIME"
  },
  {
    "attendance_id": 9020,
    "student_id": 203,
    "date_g": "2025-05-05",
    "date_h": "06-11-1446",
    "check_in_time": "07:15:00",
    "check_out_time": "13:19:00",
    "status": "VIOLATION"
  },
  {
    "attendance_id": 9021,
    "student_id": 203,
    "date_g": "2025-05-06",
    "date_h": "07-11-1446",
    "check_in_time": "07:15:00",
    "check_out_time": "13:30:00",
    "status": "IN_TIME"
  },
  {
    "attendance_id": 9022,
    "student_id": 203,
    "date_g": "2025-05-08",
    "date_h": "09-11-1446",
    "check_in_time": "07:15:00",
    "check_out_time": "13:15:00",
    "status": "VIOLATION"
  },
  {
    "attendance_id": 9023,
    "student_id": 203,
    "date_g": "2025-05-11",
    "date_h": "12-11-1446",
    "check_in_time": "07:15:00",
    "check_out_time": "13:50:00",
    "status": "IN_TIME"
  },
  {
    "attendance_id": 9024,
    "student_id": 203,
    "date_g": "2025-05-12",
    "date_h": "13-11-1446",
    "check_in_time": "07:15:00",
    "check_out_time": "13:19:00",
    "status": "VIOLATION"
  },
  {
    "attendance_id": 9025,
    "student_id": 203,
    "date_g": "2025-05-13",
    "date_h": "14-11-1446",
    "check_in_time": "07:15:00",
    "check_out_time": "14:00:00",
    "status": "IN_TIME"
  },
  {
    "attendance_id": 9026,
    "student_id": 203,
    "date_g": "2025-05-14",
    "date_h": "15-11-1446",
    "check_in_time": "07:15:00",
    "check_out_time": "14:00:00",
    "status": "IN_TIME"
  },
  {
    "attendance_id": 9027,
    "student_id": 203,
    "date_g": "2025-05-15",
    "date_h": "16-11-1446",
    "check_in_time": "07:15:00",
    "check_out_time": "14:00:00",
    "status": "IN_TIME"
  },
  {
    "attendance_id": 9028,
    "student_id": 203,
    "date_g": "2025-05-18",
    "date_h": "19-11-1446",
    "check_in_time": "07:15:00",
    "check_out_time": "14:00:00",
    "status": "IN_TIME"
  },
  {
    "attendance_id": 9029,
    "student_id": 203,
    "date_g": "2025-05-20",
    "date_h": "21-11-1446",
    "check_in_time": "07:15:00",
    "check_out_time": "13:30:00",
    "status": "IN_TIME"
  },
  {
    "attendance_id": 9030,
    "student_id": 203,
    "date_g": "2025-05-21",
    "date_h": "22-11-1446",
    "check_in_time": "07:15:00",
    "check_out_time": "13:38:00",
    "status": "IN_TIME"
  },
  {
    "attendance_id": 9031,
    "student_id": 203,
    "date_g": "2025-05-22",
    "date_h": "23-11-1446",
    "check_in_time": "07:15:00",
    "check_out_time": "13:38:00",
    "status": "IN_TIME"
  },
  {
    "attendance_id": 9032,
    "student_id": 203,
    "date_g": "2025-05-25",
    "date_h": "26-11-1446",
    "check_in_time": "07:15:00",
    "check_out_time": "13:30:00",
    "status": "IN_TIME"
  },
  {
    "attendance_id": 9033,
    "student_id": 203,
    "date_g": "2025-05-26",
    "date_h": "27-11-1446",
    "check_in_time": "07:15:00",
    "check_out_time": "13:19:00",
    "status": "VIOLATION"
  },
  {
    "attendance_id": 9034,
    "student_id": 203,
    "date_g": "2025-05-27",
    "date_h": "28-11-1446",
    "check_in_time": "07:15:00",
    "check_out_time": "13:15:00",
    "status": "VIOLATION"
  },
  {
    "attendance_id": 9035,
    "student_id": 203,
    "date_g": "2025-05-29",
    "date_h": "30-11-1446",
    "check_in_time": "07:15:00",
    "check_out_time": "13:38:00",
    "status": "IN_TIME"
  },
  {
    "attendance_id": 9036,
    "student_id": 196,
    "date_g": "2025-05-01",
    "date_h": "02-11-1446",
    "check_in_time": "07:15:00",
    "check_out_time": "13:15:00",
    "status": "VIOLATION"
  },
  {
    "attendance_id": 9037,
    "student_id": 196,
    "date_g": "2025-05-06",
    "date_h": "07-11-1446",
    "check_in_time": "07:15:00",
    "check_out_time": "13:38:00",
    "status": "IN_TIME"
  },
  {
    "attendance_id": 9038,
    "student_id": 196,
    "date_g": "2025-05-07",
    "date_h": "08-11-1446",
    "check_in_time": "07:15:00",
    "check_out_time": "13:15:00",
    "status": "VIOLATION"
  },
  {
    "attendance_id": 9039,
    "student_id": 196,
    "date_g": "2025-05-08",
    "date_h": "09-11-1446",
    "check_in_time": "07:15:00",
    "check_out_time": "13:19:00",
    "status": "VIOLATION"
  },
  {
    "attendance_id": 9040,
    "student_id": 196,
    "date_g": "2025-05-12",
    "date_h": "13-11-1446",
    "check_in_time": "07:15:00",
    "check_out_time": "13:19:00",
    "status": "VIOLATION"
  },
  {
    "attendance_id": 9041,
    "student_id": 196,
    "date_g": "2025-05-13",
    "date_h": "14-11-1446",
    "check_in_time": "07:15:00",
    "check_out_time": "13:38:00",
    "status": "IN_TIME"
  },
  {
    "attendance_id": 9042,
    "student_id": 196,
    "date_g": "2025-05-15",
    "date_h": "16-11-1446",
    "check_in_time": "07:15:00",
    "check_out_time": "13:30:00",
    "status": "IN_TIME"
  },
  {
    "attendance_id": 9043,
    "student_id": 196,
    "date_g": "2025-05-20",
    "date_h": "21-11-1446",
    "check_in_time": "07:15:00",
    "check_out_time": "13:38:00",
    "status": "IN_TIME"
  },
  {
    "attendance_id": 9044,
    "student_id": 196,
    "date_g": "2025-05-21",
    "date_h": "22-11-1446",
    "check_in_time": "07:15:00",
    "check_out_time": "13:30:00",
    "status": "IN_TIME"
  },
  {
    "attendance_id": 9045,
    "student_id": 196,
    "date_g": "2025-05-22",
    "date_h": "23-11-1446",
    "check_in_time": "07:15:00",
    "check_out_time": "13:19:00",
    "status": "VIOLATION"
  },
  {
    "attendance_id": 9046,
    "student_id": 196,
    "date_g": "2025-05-27",
    "date_h": "28-11-1446",
    "check_in_time": "07:15:00",
    "check_out_time": "13:19:00",
    "status": "VIOLATION"
  },
  {
    "attendance_id": 9047,
    "student_id": 196,
    "date_g": "2025-05-28",
    "date_h": "29-11-1446",
    "check_in_time": "07:15:00",
    "check_out_time": "13:50:00",
    "status": "IN_TIME"
  },
  {
    "attendance_id": 9048,
    "student_id": 196,
    "date_g": "2025-05-29",
    "date_h": "30-11-1446",
    "check_in_time": "07:15:00",
    "check_out_time": "14:00:00",
    "status": "IN_TIME"
  },
  {
    "attendance_id": 9049,
    "student_id": 264,
    "date_g": "2025-05-04",
    "date_h": "05-11-1446",
    "check_in_time": "07:15:00",
    "check_out_time": "13:30:00",
    "status": "IN_TIME"
  },
  {
    "attendance_id": 9050,
    "student_id": 264,
    "date_g": "2025-05-05",
    "date_h": "06-11-1446",
    "check_in_time": "07:15:00",
    "check_out_time": "13:38:00",
    "status": "IN_TIME"
  },
  {
    "attendance_id": 9051,
    "student_id": 264,
    "date_g": "2025-05-06",
    "date_h": "07-11-1446",
    "check_in_time": "07:15:00",
    "check_out_time": "13:30:00",
    "status": "IN_TIME"
  },
  {
    "attendance_id": 9052,
    "student_id": 264,
    "date_g": "2025-05-08",
    "date_h": "09-11-1446",
    "check_in_time": "07:15:00",
    "check_out_time": "13:19:00",
    "status": "VIOLATION"
  },
  {
    "attendance_id": 9053,
    "student_id": 264,
    "date_g": "2025-05-11",
    "date_h": "12-11-1446",
    "check_in_time": "07:15:00",
    "check_out_time": "13:19:00",
    "status": "VIOLATION"
  },
  {
    "attendance_id": 9054,
    "student_id": 264,
    "date_g": "2025-05-12",
    "date_h": "13-11-1446",
    "check_in_time": "07:15:00",
    "check_out_time": "13:38:00",
    "status": "IN_TIME"
  },
  {
    "attendance_id": 9055,
    "student_id": 264,
    "date_g": "2025-05-13",
    "date_h": "14-11-1446",
    "check_in_time": "07:15:00",
    "check_out_time": "13:00:00",
    "status": "VIOLATION"
  },
  {
    "attendance_id": 9056,
    "student_id": 264,
    "date_g": "2025-05-14",
    "date_h": "15-11-1446",
    "check_in_time": "07:15:00",
    "check_out_time": "13:30:00",
    "status": "IN_TIME"
  },
  {
    "attendance_id": 9057,
    "student_id": 264,
    "date_g": "2025-05-15",
    "date_h": "16-11-1446",
    "check_in_time": "07:15:00",
    "check_out_time": "13:38:00",
    "status": "IN_TIME"
  },
  {
    "attendance_id": 9058,
    "student_id": 264,
    "date_g": "2025-05-18",
    "date_h": "19-11-1446",
    "check_in_time": "07:15:00",
    "check_out_time": "13:38:00",
    "status": "IN_TIME"
  },
  {
    "attendance_id": 9059,
    "student_id": 264,
    "date_g": "2025-05-20",
    "date_h": "21-11-1446",
    "check_in_time": "07:15:00",
    "check_out_time": "13:38:00",
    "status": "IN_TIME"
  },
  {
    "attendance_id": 9060,
    "student_id": 264,
    "date_g": "2025-05-21",
    "date_h": "22-11-1446",
    "check_in_time": "07:15:00",
    "check_out_time": "13:30:00",
    "status": "IN_TIME"
  },
  {
    "attendance_id": 9061,
    "student_id": 264,
    "date_g": "2025-05-22",
    "date_h": "23-11-1446",
    "check_in_time": "07:15:00",
    "check_out_time": "14:00:00",
    "status": "IN_TIME"
  },
  {
    "attendance_id": 9062,
    "student_id": 264,
    "date_g": "2025-05-25",
    "date_h": "26-11-1446",
    "check_in_time": "07:15:00",
    "check_out_time": "13:30:00",
    "status": "IN_TIME"
  },
  {
    "attendance_id": 9063,
    "student_id": 264,
    "date_g": "2025-05-27",
    "date_h": "28-11-1446",
    "check_in_time": "07:15:00",
    "check_out_time": "13:19:00",
    "status": "VIOLATION"
  },
  {
    "attendance_id": 9064,
    "student_id": 264,
    "date_g": "2025-05-28",
    "date_h": "29-11-1446",
    "check_in_time": "07:15:00",
    "check_out_time": "13:38:00",
    "status": "IN_TIME"
  },
  {
    "attendance_id": 9065,
    "student_id": 188,
    "date_g": "2025-05-01",
    "date_h": "02-11-1446",
    "check_in_time": "07:15:00",
    "check_out_time": "13:38:00",
    "status": "IN_TIME"
  },
  {
    "attendance_id": 9066,
    "student_id": 188,
    "date_g": "2025-05-04",
    "date_h": "05-11-1446",
    "check_in_time": "07:15:00",
    "check_out_time": "13:19:00",
    "status": "VIOLATION"
  },
  {
    "attendance_id": 9067,
    "student_id": 188,
    "date_g": "2025-05-05",
    "date_h": "06-11-1446",
    "check_in_time": "07:15:00",
    "check_out_time": "13:38:00",
    "status": "IN_TIME"
  },
  {
    "attendance_id": 9068,
    "student_id": 188,
    "date_g": "2025-05-06",
    "date_h": "07-11-1446",
    "check_in_time": "07:15:00",
    "check_out_time": "13:19:00",
    "status": "VIOLATION"
  },
  {
    "attendance_id": 9069,
    "student_id": 188,
    "date_g": "2025-05-07",
    "date_h": "08-11-1446",
    "check_in_time": "07:15:00",
    "check_out_time": "13:30:00",
    "status": "IN_TIME"
  },
  {
    "attendance_id": 9070,
    "student_id": 188,
    "date_g": "2025-05-08",
    "date_h": "09-11-1446",
    "check_in_time": "07:15:00",
    "check_out_time": "13:19:00",
    "status": "VIOLATION"
  },
  {
    "attendance_id": 9071,
    "student_id": 188,
    "date_g": "2025-05-12",
    "date_h": "13-11-1446",
    "check_in_time": "07:15:00",
    "check_out_time": "13:30:00",
    "status": "IN_TIME"
  },
  {
    "attendance_id": 9072,
    "student_id": 188,
    "date_g": "2025-05-13",
    "date_h": "14-11-1446",
    "check_in_time": "07:15:00",
    "check_out_time": "13:19:00",
    "status": "VIOLATION"
  },
  {
    "attendance_id": 9073,
    "student_id": 188,
    "date_g": "2025-05-14",
    "date_h": "15-11-1446",
    "check_in_time": "07:15:00",
    "check_out_time": "13:30:00",
    "status": "IN_TIME"
  },
  {
    "attendance_id": 9074,
    "student_id": 188,
    "date_g": "2025-05-15",
    "date_h": "16-11-1446",
    "check_in_time": "07:15:00",
    "check_out_time": "14:00:00",
    "status": "IN_TIME"
  },
  {
    "attendance_id": 9075,
    "student_id": 188,
    "date_g": "2025-05-18",
    "date_h": "19-11-1446",
    "check_in_time": "07:15:00",
    "check_out_time": "13:19:00",
    "status": "VIOLATION"
  },
  {
    "attendance_id": 9076,
    "student_id": 188,
    "date_g": "2025-05-19",
    "date_h": "20-11-1446",
    "check_in_time": "07:15:00",
    "check_out_time": "13:50:00",
    "status": "IN_TIME"
  },
  {
    "attendance_id": 9077,
    "student_id": 188,
    "date_g": "2025-05-20",
    "date_h": "21-11-1446",
    "check_in_time": "07:15:00",
    "check_out_time": "13:50:00",
    "status": "IN_TIME"
  },
  {
    "attendance_id": 9078,
    "student_id": 188,
    "date_g": "2025-05-21",
    "date_h": "22-11-1446",
    "check_in_time": "07:15:00",
    "check_out_time": "13:30:00",
    "status": "IN_TIME"
  },
  {
    "attendance_id": 9079,
    "student_id": 188,
    "date_g": "2025-05-22",
    "date_h": "23-11-1446",
    "check_in_time": "07:15:00",
    "check_out_time": "13:19:00",
    "status": "VIOLATION"
  },
  {
    "attendance_id": 9080,
    "student_id": 188,
    "date_g": "2025-05-25",
    "date_h": "26-11-1446",
    "check_in_time": "07:15:00",
    "check_out_time": "13:19:00",
    "status": "VIOLATION"
  },
  {
    "attendance_id": 9081,
    "student_id": 188,
    "date_g": "2025-05-26",
    "date_h": "27-11-1446",
    "check_in_time": "07:15:00",
    "check_out_time": "13:30:00",
    "status": "IN_TIME"
  },
  {
    "attendance_id": 9082,
    "student_id": 188,
    "date_g": "2025-05-29",
    "date_h": "30-11-1446",
    "check_in_time": "07:15:00",
    "check_out_time": "13:38:00",
    "status": "IN_TIME"
  },
  {
    "attendance_id": 9083,
    "student_id": 427,
    "date_g": "2025-05-01",
    "date_h": "02-11-1446",
    "check_in_time": "07:15:00",
    "check_out_time": "13:50:00",
    "status": "IN_TIME"
  },
  {
    "attendance_id": 9084,
    "student_id": 427,
    "date_g": "2025-05-04",
    "date_h": "05-11-1446",
    "check_in_time": "07:15:00",
    "check_out_time": "13:19:00",
    "status": "VIOLATION"
  },
  {
    "attendance_id": 9085,
    "student_id": 427,
    "date_g": "2025-05-05",
    "date_h": "06-11-1446",
    "check_in_time": "07:15:00",
    "check_out_time": "13:19:00",
    "status": "VIOLATION"
  },
  {
    "attendance_id": 9086,
    "student_id": 427,
    "date_g": "2025-05-06",
    "date_h": "07-11-1446",
    "check_in_time": "07:15:00",
    "check_out_time": "13:15:00",
    "status": "VIOLATION"
  },
  {
    "attendance_id": 9087,
    "student_id": 427,
    "date_g": "2025-05-07",
    "date_h": "08-11-1446",
    "check_in_time": "07:15:00",
    "check_out_time": "13:50:00",
    "status": "IN_TIME"
  },
  {
    "attendance_id": 9088,
    "student_id": 427,
    "date_g": "2025-05-12",
    "date_h": "13-11-1446",
    "check_in_time": "07:15:00",
    "check_out_time": "13:19:00",
    "status": "VIOLATION"
  },
  {
    "attendance_id": 9089,
    "student_id": 427,
    "date_g": "2025-05-13",
    "date_h": "14-11-1446",
    "check_in_time": "07:15:00",
    "check_out_time": "13:19:00",
    "status": "VIOLATION"
  },
  {
    "attendance_id": 9090,
    "student_id": 427,
    "date_g": "2025-05-18",
    "date_h": "19-11-1446",
    "check_in_time": "07:15:00",
    "check_out_time": "13:19:00",
    "status": "VIOLATION"
  },
  {
    "attendance_id": 9091,
    "student_id": 427,
    "date_g": "2025-05-19",
    "date_h": "20-11-1446",
    "check_in_time": "07:15:00",
    "check_out_time": "13:30:00",
    "status": "IN_TIME"
  },
  {
    "attendance_id": 9092,
    "student_id": 427,
    "date_g": "2025-05-20",
    "date_h": "21-11-1446",
    "check_in_time": "07:15:00",
    "check_out_time": "13:19:00",
    "status": "VIOLATION"
  },
  {
    "attendance_id": 9093,
    "student_id": 427,
    "date_g": "2025-05-21",
    "date_h": "22-11-1446",
    "check_in_time": "07:15:00",
    "check_out_time": "13:02:00",
    "status": "VIOLATION"
  },
  {
    "attendance_id": 9094,
    "student_id": 427,
    "date_g": "2025-05-25",
    "date_h": "26-11-1446",
    "check_in_time": "07:15:00",
    "check_out_time": "13:30:00",
    "status": "IN_TIME"
  },
  {
    "attendance_id": 9095,
    "student_id": 427,
    "date_g": "2025-05-26",
    "date_h": "27-11-1446",
    "check_in_time": "07:15:00",
    "check_out_time": "13:19:00",
    "status": "VIOLATION"
  },
  {
    "attendance_id": 9096,
    "student_id": 427,
    "date_g": "2025-05-27",
    "date_h": "28-11-1446",
    "check_in_time": "07:15:00",
    "check_out_time": "13:19:00",
    "status": "VIOLATION"
  },
  {
    "attendance_id": 9097,
    "student_id": 396,
    "date_g": "2025-05-01",
    "date_h": "02-11-1446",
    "check_in_time": "07:15:00",
    "check_out_time": "13:30:00",
    "status": "IN_TIME"
  },
  {
    "attendance_id": 9098,
    "student_id": 396,
    "date_g": "2025-05-04",
    "date_h": "05-11-1446",
    "check_in_time": "07:15:00",
    "check_out_time": "13:50:00",
    "status": "IN_TIME"
  },
  {
    "attendance_id": 9099,
    "student_id": 396,
    "date_g": "2025-05-05",
    "date_h": "06-11-1446",
    "check_in_time": "07:15:00",
    "check_out_time": "13:15:00",
    "status": "VIOLATION"
  },
  {
    "attendance_id": 9100,
    "student_id": 396,
    "date_g": "2025-05-06",
    "date_h": "07-11-1446",
    "check_in_time": "07:15:00",
    "check_out_time": "13:30:00",
    "status": "IN_TIME"
  },
  {
    "attendance_id": 9101,
    "student_id": 396,
    "date_g": "2025-05-07",
    "date_h": "08-11-1446",
    "check_in_time": "07:15:00",
    "check_out_time": "13:38:00",
    "status": "IN_TIME"
  },
  {
    "attendance_id": 9102,
    "student_id": 396,
    "date_g": "2025-05-08",
    "date_h": "09-11-1446",
    "check_in_time": "07:15:00",
    "check_out_time": "13:38:00",
    "status": "IN_TIME"
  },
  {
    "attendance_id": 9103,
    "student_id": 396,
    "date_g": "2025-05-11",
    "date_h": "12-11-1446",
    "check_in_time": "07:15:00",
    "check_out_time": "13:02:00",
    "status": "VIOLATION"
  },
  {
    "attendance_id": 9104,
    "student_id": 396,
    "date_g": "2025-05-13",
    "date_h": "14-11-1446",
    "check_in_time": "07:15:00",
    "check_out_time": "14:00:00",
    "status": "IN_TIME"
  },
  {
    "attendance_id": 9105,
    "student_id": 396,
    "date_g": "2025-05-14",
    "date_h": "15-11-1446",
    "check_in_time": "07:15:00",
    "check_out_time": "13:38:00",
    "status": "IN_TIME"
  },
  {
    "attendance_id": 9106,
    "student_id": 396,
    "date_g": "2025-05-18",
    "date_h": "19-11-1446",
    "check_in_time": "07:15:00",
    "check_out_time": "13:50:00",
    "status": "IN_TIME"
  },
  {
    "attendance_id": 9107,
    "student_id": 396,
    "date_g": "2025-05-19",
    "date_h": "20-11-1446",
    "check_in_time": "07:15:00",
    "check_out_time": "13:38:00",
    "status": "IN_TIME"
  },
  {
    "attendance_id": 9108,
    "student_id": 396,
    "date_g": "2025-05-22",
    "date_h": "23-11-1446",
    "check_in_time": "07:15:00",
    "check_out_time": "13:01:00",
    "status": "VIOLATION"
  },
  {
    "attendance_id": 9109,
    "student_id": 396,
    "date_g": "2025-05-25",
    "date_h": "26-11-1446",
    "check_in_time": "07:15:00",
    "check_out_time": "13:19:00",
    "status": "VIOLATION"
  },
  {
    "attendance_id": 9110,
    "student_id": 396,
    "date_g": "2025-05-26",
    "date_h": "27-11-1446",
    "check_in_time": "07:15:00",
    "check_out_time": "13:30:00",
    "status": "IN_TIME"
  },
  {
    "attendance_id": 9111,
    "student_id": 396,
    "date_g": "2025-05-28",
    "date_h": "29-11-1446",
    "check_in_time": "07:15:00",
    "check_out_time": "13:19:00",
    "status": "VIOLATION"
  },
  {
    "attendance_id": 9112,
    "student_id": 172,
    "date_g": "2025-05-01",
    "date_h": "02-11-1446",
    "check_in_time": "07:15:00",
    "check_out_time": "13:19:00",
    "status": "VIOLATION"
  },
  {
    "attendance_id": 9113,
    "student_id": 172,
    "date_g": "2025-05-05",
    "date_h": "06-11-1446",
    "check_in_time": "07:15:00",
    "check_out_time": "13:38:00",
    "status": "IN_TIME"
  },
  {
    "attendance_id": 9114,
    "student_id": 172,
    "date_g": "2025-05-06",
    "date_h": "07-11-1446",
    "check_in_time": "07:15:00",
    "check_out_time": "13:19:00",
    "status": "VIOLATION"
  },
  {
    "attendance_id": 9115,
    "student_id": 172,
    "date_g": "2025-05-07",
    "date_h": "08-11-1446",
    "check_in_time": "07:15:00",
    "check_out_time": "13:19:00",
    "status": "VIOLATION"
  },
  {
    "attendance_id": 9116,
    "student_id": 172,
    "date_g": "2025-05-08",
    "date_h": "09-11-1446",
    "check_in_time": "07:15:00",
    "check_out_time": "13:19:00",
    "status": "VIOLATION"
  },
  {
    "attendance_id": 9117,
    "student_id": 172,
    "date_g": "2025-05-12",
    "date_h": "13-11-1446",
    "check_in_time": "07:15:00",
    "check_out_time": "13:15:00",
    "status": "VIOLATION"
  },
  {
    "attendance_id": 9118,
    "student_id": 172,
    "date_g": "2025-05-13",
    "date_h": "14-11-1446",
    "check_in_time": "07:15:00",
    "check_out_time": "13:19:00",
    "status": "VIOLATION"
  },
  {
    "attendance_id": 9119,
    "student_id": 172,
    "date_g": "2025-05-14",
    "date_h": "15-11-1446",
    "check_in_time": "07:15:00",
    "check_out_time": "13:19:00",
    "status": "VIOLATION"
  },
  {
    "attendance_id": 9120,
    "student_id": 172,
    "date_g": "2025-05-20",
    "date_h": "21-11-1446",
    "check_in_time": "07:15:00",
    "check_out_time": "13:38:00",
    "status": "IN_TIME"
  },
  {
    "attendance_id": 9121,
    "student_id": 172,
    "date_g": "2025-05-21",
    "date_h": "22-11-1446",
    "check_in_time": "07:15:00",
    "check_out_time": "13:38:00",
    "status": "IN_TIME"
  },
  {
    "attendance_id": 9122,
    "student_id": 172,
    "date_g": "2025-05-22",
    "date_h": "23-11-1446",
    "check_in_time": "07:15:00",
    "check_out_time": "13:19:00",
    "status": "VIOLATION"
  },
  {
    "attendance_id": 9123,
    "student_id": 172,
    "date_g": "2025-05-27",
    "date_h": "28-11-1446",
    "check_in_time": "07:15:00",
    "check_out_time": "13:30:00",
    "status": "IN_TIME"
  },
  {
    "attendance_id": 9124,
    "student_id": 172,
    "date_g": "2025-05-28",
    "date_h": "29-11-1446",
    "check_in_time": "07:15:00",
    "check_out_time": "13:30:00",
    "status": "IN_TIME"
  },
  {
    "attendance_id": 9125,
    "student_id": 33,
    "date_g": "2025-05-04",
    "date_h": "05-11-1446",
    "check_in_time": "07:15:00",
    "check_out_time": "13:30:00",
    "status": "IN_TIME"
  },
  {
    "attendance_id": 9126,
    "student_id": 33,
    "date_g": "2025-05-05",
    "date_h": "06-11-1446",
    "check_in_time": "07:15:00",
    "check_out_time": "13:30:00",
    "status": "IN_TIME"
  },
  {
    "attendance_id": 9127,
    "student_id": 33,
    "date_g": "2025-05-06",
    "date_h": "07-11-1446",
    "check_in_time": "07:15:00",
    "check_out_time": "13:03:00",
    "status": "VIOLATION"
  },
  {
    "attendance_id": 9128,
    "student_id": 33,
    "date_g": "2025-05-07",
    "date_h": "08-11-1446",
    "check_in_time": "07:15:00",
    "check_out_time": "13:19:00",
    "status": "VIOLATION"
  },
  {
    "attendance_id": 9129,
    "student_id": 33,
    "date_g": "2025-05-08",
    "date_h": "09-11-1446",
    "check_in_time": "07:15:00",
    "check_out_time": "13:50:00",
    "status": "IN_TIME"
  },
  {
    "attendance_id": 9130,
    "student_id": 33,
    "date_g": "2025-05-14",
    "date_h": "15-11-1446",
    "check_in_time": "07:15:00",
    "check_out_time": "13:30:00",
    "status": "IN_TIME"
  },
  {
    "attendance_id": 9131,
    "student_id": 33,
    "date_g": "2025-05-15",
    "date_h": "16-11-1446",
    "check_in_time": "07:15:00",
    "check_out_time": "13:30:00",
    "status": "IN_TIME"
  },
  {
    "attendance_id": 9132,
    "student_id": 33,
    "date_g": "2025-05-18",
    "date_h": "19-11-1446",
    "check_in_time": "07:15:00",
    "check_out_time": "13:38:00",
    "status": "IN_TIME"
  },
  {
    "attendance_id": 9133,
    "student_id": 33,
    "date_g": "2025-05-19",
    "date_h": "20-11-1446",
    "check_in_time": "07:15:00",
    "check_out_time": "13:19:00",
    "status": "VIOLATION"
  },
  {
    "attendance_id": 9134,
    "student_id": 33,
    "date_g": "2025-05-20",
    "date_h": "21-11-1446",
    "check_in_time": "07:15:00",
    "check_out_time": "13:19:00",
    "status": "VIOLATION"
  },
  {
    "attendance_id": 9135,
    "student_id": 33,
    "date_g": "2025-05-21",
    "date_h": "22-11-1446",
    "check_in_time": "07:15:00",
    "check_out_time": "13:38:00",
    "status": "IN_TIME"
  },
  {
    "attendance_id": 9136,
    "student_id": 33,
    "date_g": "2025-05-22",
    "date_h": "23-11-1446",
    "check_in_time": "07:15:00",
    "check_out_time": "13:38:00",
    "status": "IN_TIME"
  },
  {
    "attendance_id": 9137,
    "student_id": 33,
    "date_g": "2025-05-25",
    "date_h": "26-11-1446",
    "check_in_time": "07:15:00",
    "check_out_time": "13:38:00",
    "status": "IN_TIME"
  },
  {
    "attendance_id": 9138,
    "student_id": 33,
    "date_g": "2025-05-26",
    "date_h": "27-11-1446",
    "check_in_time": "07:15:00",
    "check_out_time": "13:38:00",
    "status": "IN_TIME"
  },
  {
    "attendance_id": 9139,
    "student_id": 33,
    "date_g": "2025-05-27",
    "date_h": "28-11-1446",
    "check_in_time": "07:15:00",
    "check_out_time": "13:50:00",
    "status": "IN_TIME"
  },
  {
    "attendance_id": 9140,
    "student_id": 33,
    "date_g": "2025-05-28",
    "date_h": "29-11-1446",
    "check_in_time": "07:15:00",
    "check_out_time": "14:00:00",
    "status": "IN_TIME"
  },
  {
    "attendance_id": 9141,
    "student_id": 33,
    "date_g": "2025-05-29",
    "date_h": "30-11-1446",
    "check_in_time": "07:15:00",
    "check_out_time": "13:30:00",
    "status": "IN_TIME"
  },
  {
    "attendance_id": 9142,
    "student_id": 118,
    "date_g": "2025-05-04",
    "date_h": "05-11-1446",
    "check_in_time": "07:15:00",
    "check_out_time": "13:50:00",
    "status": "IN_TIME"
  },
  {
    "attendance_id": 9143,
    "student_id": 118,
    "date_g": "2025-05-05",
    "date_h": "06-11-1446",
    "check_in_time": "07:15:00",
    "check_out_time": "13:50:00",
    "status": "IN_TIME"
  },
  {
    "attendance_id": 9144,
    "student_id": 118,
    "date_g": "2025-05-06",
    "date_h": "07-11-1446",
    "check_in_time": "07:15:00",
    "check_out_time": "13:38:00",
    "status": "IN_TIME"
  },
  {
    "attendance_id": 9145,
    "student_id": 118,
    "date_g": "2025-05-12",
    "date_h": "13-11-1446",
    "check_in_time": "07:15:00",
    "check_out_time": "13:30:00",
    "status": "IN_TIME"
  },
  {
    "attendance_id": 9146,
    "student_id": 118,
    "date_g": "2025-05-13",
    "date_h": "14-11-1446",
    "check_in_time": "07:15:00",
    "check_out_time": "13:30:00",
    "status": "IN_TIME"
  },
  {
    "attendance_id": 9147,
    "student_id": 118,
    "date_g": "2025-05-14",
    "date_h": "15-11-1446",
    "check_in_time": "07:15:00",
    "check_out_time": "14:00:00",
    "status": "IN_TIME"
  },
  {
    "attendance_id": 9148,
    "student_id": 118,
    "date_g": "2025-05-19",
    "date_h": "20-11-1446",
    "check_in_time": "07:15:00",
    "check_out_time": "13:38:00",
    "status": "IN_TIME"
  },
  {
    "attendance_id": 9149,
    "student_id": 118,
    "date_g": "2025-05-20",
    "date_h": "21-11-1446",
    "check_in_time": "07:15:00",
    "check_out_time": "14:00:00",
    "status": "IN_TIME"
  },
  {
    "attendance_id": 9150,
    "student_id": 118,
    "date_g": "2025-05-21",
    "date_h": "22-11-1446",
    "check_in_time": "07:15:00",
    "check_out_time": "13:38:00",
    "status": "IN_TIME"
  },
  {
    "attendance_id": 9151,
    "student_id": 118,
    "date_g": "2025-05-22",
    "date_h": "23-11-1446",
    "check_in_time": "07:15:00",
    "check_out_time": "13:38:00",
    "status": "IN_TIME"
  },
  {
    "attendance_id": 9152,
    "student_id": 118,
    "date_g": "2025-05-25",
    "date_h": "26-11-1446",
    "check_in_time": "07:15:00",
    "check_out_time": "13:30:00",
    "status": "IN_TIME"
  },
  {
    "attendance_id": 9153,
    "student_id": 118,
    "date_g": "2025-05-26",
    "date_h": "27-11-1446",
    "check_in_time": "07:15:00",
    "check_out_time": "13:38:00",
    "status": "IN_TIME"
  },
  {
    "attendance_id": 9154,
    "student_id": 118,
    "date_g": "2025-05-27",
    "date_h": "28-11-1446",
    "check_in_time": "07:15:00",
    "check_out_time": "13:38:00",
    "status": "IN_TIME"
  },
  {
    "attendance_id": 9155,
    "student_id": 362,
    "date_g": "2025-05-04",
    "date_h": "05-11-1446",
    "check_in_time": "07:15:00",
    "check_out_time": "13:19:00",
    "status": "VIOLATION"
  },
  {
    "attendance_id": 9156,
    "student_id": 362,
    "date_g": "2025-05-05",
    "date_h": "06-11-1446",
    "check_in_time": "07:15:00",
    "check_out_time": "13:38:00",
    "status": "IN_TIME"
  },
  {
    "attendance_id": 9157,
    "student_id": 362,
    "date_g": "2025-05-06",
    "date_h": "07-11-1446",
    "check_in_time": "07:15:00",
    "check_out_time": "13:30:00",
    "status": "IN_TIME"
  },
  {
    "attendance_id": 9158,
    "student_id": 362,
    "date_g": "2025-05-08",
    "date_h": "09-11-1446",
    "check_in_time": "07:15:00",
    "check_out_time": "13:19:00",
    "status": "VIOLATION"
  },
  {
    "attendance_id": 9159,
    "student_id": 362,
    "date_g": "2025-05-12",
    "date_h": "13-11-1446",
    "check_in_time": "07:15:00",
    "check_out_time": "13:38:00",
    "status": "IN_TIME"
  },
  {
    "attendance_id": 9160,
    "student_id": 362,
    "date_g": "2025-05-13",
    "date_h": "14-11-1446",
    "check_in_time": "07:15:00",
    "check_out_time": "13:50:00",
    "status": "IN_TIME"
  },
  {
    "attendance_id": 9161,
    "student_id": 362,
    "date_g": "2025-05-14",
    "date_h": "15-11-1446",
    "check_in_time": "07:15:00",
    "check_out_time": "13:38:00",
    "status": "IN_TIME"
  },
  {
    "attendance_id": 9162,
    "student_id": 362,
    "date_g": "2025-05-15",
    "date_h": "16-11-1446",
    "check_in_time": "07:15:00",
    "check_out_time": "13:30:00",
    "status": "IN_TIME"
  },
  {
    "attendance_id": 9163,
    "student_id": 362,
    "date_g": "2025-05-19",
    "date_h": "20-11-1446",
    "check_in_time": "07:15:00",
    "check_out_time": "13:19:00",
    "status": "VIOLATION"
  },
  {
    "attendance_id": 9164,
    "student_id": 362,
    "date_g": "2025-05-21",
    "date_h": "22-11-1446",
    "check_in_time": "07:15:00",
    "check_out_time": "13:38:00",
    "status": "IN_TIME"
  },
  {
    "attendance_id": 9165,
    "student_id": 362,
    "date_g": "2025-05-25",
    "date_h": "26-11-1446",
    "check_in_time": "07:15:00",
    "check_out_time": "13:38:00",
    "status": "IN_TIME"
  },
  {
    "attendance_id": 9166,
    "student_id": 362,
    "date_g": "2025-05-26",
    "date_h": "27-11-1446",
    "check_in_time": "07:15:00",
    "check_out_time": "13:15:00",
    "status": "VIOLATION"
  },
  {
    "attendance_id": 9167,
    "student_id": 362,
    "date_g": "2025-05-27",
    "date_h": "28-11-1446",
    "check_in_time": "07:15:00",
    "check_out_time": "13:30:00",
    "status": "IN_TIME"
  },
  {
    "attendance_id": 9168,
    "student_id": 362,
    "date_g": "2025-05-29",
    "date_h": "30-11-1446",
    "check_in_time": "07:15:00",
    "check_out_time": "13:30:00",
    "status": "IN_TIME"
  },
  {
    "attendance_id": 9169,
    "student_id": 287,
    "date_g": "2025-05-01",
    "date_h": "02-11-1446",
    "check_in_time": "07:15:00",
    "check_out_time": "13:38:00",
    "status": "IN_TIME"
  },
  {
    "attendance_id": 9170,
    "student_id": 287,
    "date_g": "2025-05-04",
    "date_h": "05-11-1446",
    "check_in_time": "07:15:00",
    "check_out_time": "13:38:00",
    "status": "IN_TIME"
  },
  {
    "attendance_id": 9171,
    "student_id": 287,
    "date_g": "2025-05-05",
    "date_h": "06-11-1446",
    "check_in_time": "07:15:00",
    "check_out_time": "13:19:00",
    "status": "VIOLATION"
  },
  {
    "attendance_id": 9172,
    "student_id": 287,
    "date_g": "2025-05-06",
    "date_h": "07-11-1446",
    "check_in_time": "07:15:00",
    "check_out_time": "13:30:00",
    "status": "IN_TIME"
  },
  {
    "attendance_id": 9173,
    "student_id": 287,
    "date_g": "2025-05-07",
    "date_h": "08-11-1446",
    "check_in_time": "07:15:00",
    "check_out_time": "13:50:00",
    "status": "IN_TIME"
  },
  {
    "attendance_id": 9174,
    "student_id": 287,
    "date_g": "2025-05-08",
    "date_h": "09-11-1446",
    "check_in_time": "07:15:00",
    "check_out_time": "13:19:00",
    "status": "VIOLATION"
  },
  {
    "attendance_id": 9175,
    "student_id": 287,
    "date_g": "2025-05-11",
    "date_h": "12-11-1446",
    "check_in_time": "07:15:00",
    "check_out_time": "13:19:00",
    "status": "VIOLATION"
  },
  {
    "attendance_id": 9176,
    "student_id": 287,
    "date_g": "2025-05-12",
    "date_h": "13-11-1446",
    "check_in_time": "07:15:00",
    "check_out_time": "13:19:00",
    "status": "VIOLATION"
  },
  {
    "attendance_id": 9177,
    "student_id": 287,
    "date_g": "2025-05-13",
    "date_h": "14-11-1446",
    "check_in_time": "07:15:00",
    "check_out_time": "13:38:00",
    "status": "IN_TIME"
  },
  {
    "attendance_id": 9178,
    "student_id": 287,
    "date_g": "2025-05-19",
    "date_h": "20-11-1446",
    "check_in_time": "07:15:00",
    "check_out_time": "13:30:00",
    "status": "IN_TIME"
  },
  {
    "attendance_id": 9179,
    "student_id": 287,
    "date_g": "2025-05-20",
    "date_h": "21-11-1446",
    "check_in_time": "07:15:00",
    "check_out_time": "13:19:00",
    "status": "VIOLATION"
  },
  {
    "attendance_id": 9180,
    "student_id": 287,
    "date_g": "2025-05-21",
    "date_h": "22-11-1446",
    "check_in_time": "07:15:00",
    "check_out_time": "13:19:00",
    "status": "VIOLATION"
  },
  {
    "attendance_id": 9181,
    "student_id": 287,
    "date_g": "2025-05-22",
    "date_h": "23-11-1446",
    "check_in_time": "07:15:00",
    "check_out_time": "13:38:00",
    "status": "IN_TIME"
  },
  {
    "attendance_id": 9182,
    "student_id": 287,
    "date_g": "2025-05-25",
    "date_h": "26-11-1446",
    "check_in_time": "07:15:00",
    "check_out_time": "13:38:00",
    "status": "IN_TIME"
  },
  {
    "attendance_id": 9183,
    "student_id": 287,
    "date_g": "2025-05-26",
    "date_h": "27-11-1446",
    "check_in_time": "07:15:00",
    "check_out_time": "13:03:00",
    "status": "VIOLATION"
  },
  {
    "attendance_id": 9184,
    "student_id": 287,
    "date_g": "2025-05-27",
    "date_h": "28-11-1446",
    "check_in_time": "07:15:00",
    "check_out_time": "13:19:00",
    "status": "VIOLATION"
  },
  {
    "attendance_id": 9185,
    "student_id": 287,
    "date_g": "2025-05-29",
    "date_h": "30-11-1446",
    "check_in_time": "07:15:00",
    "check_out_time": "14:00:00",
    "status": "IN_TIME"
  },
  {
    "attendance_id": 9186,
    "student_id": 114,
    "date_g": "2025-05-01",
    "date_h": "02-11-1446",
    "check_in_time": "07:15:00",
    "check_out_time": "13:50:00",
    "status": "IN_TIME"
  },
  {
    "attendance_id": 9187,
    "student_id": 114,
    "date_g": "2025-05-04",
    "date_h": "05-11-1446",
    "check_in_time": "07:15:00",
    "check_out_time": "13:19:00",
    "status": "VIOLATION"
  },
  {
    "attendance_id": 9188,
    "student_id": 114,
    "date_g": "2025-05-05",
    "date_h": "06-11-1446",
    "check_in_time": "07:15:00",
    "check_out_time": "13:38:00",
    "status": "IN_TIME"
  },
  {
    "attendance_id": 9189,
    "student_id": 114,
    "date_g": "2025-05-06",
    "date_h": "07-11-1446",
    "check_in_time": "07:15:00",
    "check_out_time": "13:30:00",
    "status": "IN_TIME"
  },
  {
    "attendance_id": 9190,
    "student_id": 114,
    "date_g": "2025-05-07",
    "date_h": "08-11-1446",
    "check_in_time": "07:15:00",
    "check_out_time": "13:38:00",
    "status": "IN_TIME"
  },
  {
    "attendance_id": 9191,
    "student_id": 114,
    "date_g": "2025-05-08",
    "date_h": "09-11-1446",
    "check_in_time": "07:15:00",
    "check_out_time": "13:30:00",
    "status": "IN_TIME"
  },
  {
    "attendance_id": 9192,
    "student_id": 114,
    "date_g": "2025-05-11",
    "date_h": "12-11-1446",
    "check_in_time": "07:15:00",
    "check_out_time": "13:15:00",
    "status": "VIOLATION"
  },
  {
    "attendance_id": 9193,
    "student_id": 114,
    "date_g": "2025-05-12",
    "date_h": "13-11-1446",
    "check_in_time": "07:15:00",
    "check_out_time": "13:50:00",
    "status": "IN_TIME"
  },
  {
    "attendance_id": 9194,
    "student_id": 114,
    "date_g": "2025-05-13",
    "date_h": "14-11-1446",
    "check_in_time": "07:15:00",
    "check_out_time": "13:50:00",
    "status": "IN_TIME"
  },
  {
    "attendance_id": 9195,
    "student_id": 114,
    "date_g": "2025-05-14",
    "date_h": "15-11-1446",
    "check_in_time": "07:15:00",
    "check_out_time": "13:30:00",
    "status": "IN_TIME"
  },
  {
    "attendance_id": 9196,
    "student_id": 114,
    "date_g": "2025-05-15",
    "date_h": "16-11-1446",
    "check_in_time": "07:15:00",
    "check_out_time": "13:50:00",
    "status": "IN_TIME"
  },
  {
    "attendance_id": 9197,
    "student_id": 114,
    "date_g": "2025-05-18",
    "date_h": "19-11-1446",
    "check_in_time": "07:15:00",
    "check_out_time": "13:50:00",
    "status": "IN_TIME"
  },
  {
    "attendance_id": 9198,
    "student_id": 114,
    "date_g": "2025-05-19",
    "date_h": "20-11-1446",
    "check_in_time": "07:15:00",
    "check_out_time": "13:30:00",
    "status": "IN_TIME"
  },
  {
    "attendance_id": 9199,
    "student_id": 114,
    "date_g": "2025-05-21",
    "date_h": "22-11-1446",
    "check_in_time": "07:15:00",
    "check_out_time": "13:19:00",
    "status": "VIOLATION"
  },
  {
    "attendance_id": 9200,
    "student_id": 114,
    "date_g": "2025-05-22",
    "date_h": "23-11-1446",
    "check_in_time": "07:15:00",
    "check_out_time": "13:15:00",
    "status": "VIOLATION"
  },
  {
    "attendance_id": 9201,
    "student_id": 114,
    "date_g": "2025-05-26",
    "date_h": "27-11-1446",
    "check_in_time": "07:15:00",
    "check_out_time": "13:30:00",
    "status": "IN_TIME"
  },
  {
    "attendance_id": 9202,
    "student_id": 114,
    "date_g": "2025-05-27",
    "date_h": "28-11-1446",
    "check_in_time": "07:15:00",
    "check_out_time": "13:50:00",
    "status": "IN_TIME"
  },
  {
    "attendance_id": 9203,
    "student_id": 114,
    "date_g": "2025-05-29",
    "date_h": "30-11-1446",
    "check_in_time": "07:15:00",
    "check_out_time": "13:19:00",
    "status": "VIOLATION"
  },
  {
    "attendance_id": 9204,
    "student_id": 447,
    "date_g": "2025-05-04",
    "date_h": "05-11-1446",
    "check_in_time": "07:15:00",
    "check_out_time": "13:30:00",
    "status": "IN_TIME"
  },
  {
    "attendance_id": 9205,
    "student_id": 447,
    "date_g": "2025-05-05",
    "date_h": "06-11-1446",
    "check_in_time": "07:15:00",
    "check_out_time": "13:30:00",
    "status": "IN_TIME"
  },
  {
    "attendance_id": 9206,
    "student_id": 447,
    "date_g": "2025-05-06",
    "date_h": "07-11-1446",
    "check_in_time": "07:15:00",
    "check_out_time": "13:30:00",
    "status": "IN_TIME"
  },
  {
    "attendance_id": 9207,
    "student_id": 447,
    "date_g": "2025-05-07",
    "date_h": "08-11-1446",
    "check_in_time": "07:15:00",
    "check_out_time": "13:30:00",
    "status": "IN_TIME"
  },
  {
    "attendance_id": 9208,
    "student_id": 447,
    "date_g": "2025-05-08",
    "date_h": "09-11-1446",
    "check_in_time": "07:15:00",
    "check_out_time": "13:19:00",
    "status": "VIOLATION"
  },
  {
    "attendance_id": 9209,
    "student_id": 447,
    "date_g": "2025-05-11",
    "date_h": "12-11-1446",
    "check_in_time": "07:15:00",
    "check_out_time": "13:50:00",
    "status": "IN_TIME"
  },
  {
    "attendance_id": 9210,
    "student_id": 447,
    "date_g": "2025-05-13",
    "date_h": "14-11-1446",
    "check_in_time": "07:15:00",
    "check_out_time": "13:15:00",
    "status": "VIOLATION"
  },
  {
    "attendance_id": 9211,
    "student_id": 447,
    "date_g": "2025-05-15",
    "date_h": "16-11-1446",
    "check_in_time": "07:15:00",
    "check_out_time": "14:00:00",
    "status": "IN_TIME"
  },
  {
    "attendance_id": 9212,
    "student_id": 447,
    "date_g": "2025-05-18",
    "date_h": "19-11-1446",
    "check_in_time": "07:15:00",
    "check_out_time": "13:38:00",
    "status": "IN_TIME"
  },
  {
    "attendance_id": 9213,
    "student_id": 447,
    "date_g": "2025-05-19",
    "date_h": "20-11-1446",
    "check_in_time": "07:15:00",
    "check_out_time": "13:38:00",
    "status": "IN_TIME"
  },
  {
    "attendance_id": 9214,
    "student_id": 447,
    "date_g": "2025-05-21",
    "date_h": "22-11-1446",
    "check_in_time": "07:15:00",
    "check_out_time": "13:38:00",
    "status": "IN_TIME"
  },
  {
    "attendance_id": 9215,
    "student_id": 447,
    "date_g": "2025-05-22",
    "date_h": "23-11-1446",
    "check_in_time": "07:15:00",
    "check_out_time": "13:50:00",
    "status": "IN_TIME"
  },
  {
    "attendance_id": 9216,
    "student_id": 447,
    "date_g": "2025-05-25",
    "date_h": "26-11-1446",
    "check_in_time": "07:15:00",
    "check_out_time": "13:19:00",
    "status": "VIOLATION"
  },
  {
    "attendance_id": 9217,
    "student_id": 447,
    "date_g": "2025-05-26",
    "date_h": "27-11-1446",
    "check_in_time": "07:15:00",
    "check_out_time": "13:30:00",
    "status": "IN_TIME"
  },
  {
    "attendance_id": 9218,
    "student_id": 447,
    "date_g": "2025-05-28",
    "date_h": "29-11-1446",
    "check_in_time": "07:15:00",
    "check_out_time": "13:38:00",
    "status": "IN_TIME"
  },
  {
    "attendance_id": 9219,
    "student_id": 447,
    "date_g": "2025-05-29",
    "date_h": "30-11-1446",
    "check_in_time": "07:15:00",
    "check_out_time": "13:50:00",
    "status": "IN_TIME"
  },
  {
    "attendance_id": 9220,
    "student_id": 399,
    "date_g": "2025-05-01",
    "date_h": "02-11-1446",
    "check_in_time": "07:15:00",
    "check_out_time": "13:38:00",
    "status": "IN_TIME"
  },
  {
    "attendance_id": 9221,
    "student_id": 399,
    "date_g": "2025-05-05",
    "date_h": "06-11-1446",
    "check_in_time": "07:15:00",
    "check_out_time": "13:15:00",
    "status": "VIOLATION"
  },
  {
    "attendance_id": 9222,
    "student_id": 399,
    "date_g": "2025-05-07",
    "date_h": "08-11-1446",
    "check_in_time": "07:15:00",
    "check_out_time": "13:19:00",
    "status": "VIOLATION"
  },
  {
    "attendance_id": 9223,
    "student_id": 399,
    "date_g": "2025-05-08",
    "date_h": "09-11-1446",
    "check_in_time": "07:15:00",
    "check_out_time": "13:15:00",
    "status": "VIOLATION"
  },
  {
    "attendance_id": 9224,
    "student_id": 399,
    "date_g": "2025-05-11",
    "date_h": "12-11-1446",
    "check_in_time": "07:15:00",
    "check_out_time": "13:19:00",
    "status": "VIOLATION"
  },
  {
    "attendance_id": 9225,
    "student_id": 399,
    "date_g": "2025-05-12",
    "date_h": "13-11-1446",
    "check_in_time": "07:15:00",
    "check_out_time": "13:50:00",
    "status": "IN_TIME"
  },
  {
    "attendance_id": 9226,
    "student_id": 399,
    "date_g": "2025-05-14",
    "date_h": "15-11-1446",
    "check_in_time": "07:15:00",
    "check_out_time": "13:19:00",
    "status": "VIOLATION"
  },
  {
    "attendance_id": 9227,
    "student_id": 399,
    "date_g": "2025-05-15",
    "date_h": "16-11-1446",
    "check_in_time": "07:15:00",
    "check_out_time": "13:38:00",
    "status": "IN_TIME"
  },
  {
    "attendance_id": 9228,
    "student_id": 399,
    "date_g": "2025-05-18",
    "date_h": "19-11-1446",
    "check_in_time": "07:15:00",
    "check_out_time": "13:38:00",
    "status": "IN_TIME"
  },
  {
    "attendance_id": 9229,
    "student_id": 399,
    "date_g": "2025-05-20",
    "date_h": "21-11-1446",
    "check_in_time": "07:15:00",
    "check_out_time": "13:19:00",
    "status": "VIOLATION"
  },
  {
    "attendance_id": 9230,
    "student_id": 399,
    "date_g": "2025-05-21",
    "date_h": "22-11-1446",
    "check_in_time": "07:15:00",
    "check_out_time": "13:19:00",
    "status": "VIOLATION"
  },
  {
    "attendance_id": 9231,
    "student_id": 399,
    "date_g": "2025-05-22",
    "date_h": "23-11-1446",
    "check_in_time": "07:15:00",
    "check_out_time": "13:19:00",
    "status": "VIOLATION"
  },
  {
    "attendance_id": 9232,
    "student_id": 399,
    "date_g": "2025-05-25",
    "date_h": "26-11-1446",
    "check_in_time": "07:15:00",
    "check_out_time": "13:19:00",
    "status": "VIOLATION"
  },
  {
    "attendance_id": 9233,
    "student_id": 399,
    "date_g": "2025-05-27",
    "date_h": "28-11-1446",
    "check_in_time": "07:15:00",
    "check_out_time": "13:38:00",
    "status": "IN_TIME"
  },
  {
    "attendance_id": 9234,
    "student_id": 399,
    "date_g": "2025-05-28",
    "date_h": "29-11-1446",
    "check_in_time": "07:15:00",
    "check_out_time": "13:15:00",
    "status": "VIOLATION"
  },
  {
    "attendance_id": 9235,
    "student_id": 399,
    "date_g": "2025-05-29",
    "date_h": "30-11-1446",
    "check_in_time": "07:15:00",
    "check_out_time": "13:19:00",
    "status": "VIOLATION"
  },
  {
    "attendance_id": 9236,
    "student_id": 325,
    "date_g": "2025-05-01",
    "date_h": "02-11-1446",
    "check_in_time": "07:15:00",
    "check_out_time": "13:15:00",
    "status": "VIOLATION"
  },
  {
    "attendance_id": 9237,
    "student_id": 325,
    "date_g": "2025-05-04",
    "date_h": "05-11-1446",
    "check_in_time": "07:15:00",
    "check_out_time": "13:38:00",
    "status": "IN_TIME"
  },
  {
    "attendance_id": 9238,
    "student_id": 325,
    "date_g": "2025-05-06",
    "date_h": "07-11-1446",
    "check_in_time": "07:15:00",
    "check_out_time": "13:30:00",
    "status": "IN_TIME"
  },
  {
    "attendance_id": 9239,
    "student_id": 325,
    "date_g": "2025-05-07",
    "date_h": "08-11-1446",
    "check_in_time": "07:15:00",
    "check_out_time": "13:15:00",
    "status": "VIOLATION"
  },
  {
    "attendance_id": 9240,
    "student_id": 325,
    "date_g": "2025-05-08",
    "date_h": "09-11-1446",
    "check_in_time": "07:15:00",
    "check_out_time": "13:50:00",
    "status": "IN_TIME"
  },
  {
    "attendance_id": 9241,
    "student_id": 325,
    "date_g": "2025-05-12",
    "date_h": "13-11-1446",
    "check_in_time": "07:15:00",
    "check_out_time": "13:19:00",
    "status": "VIOLATION"
  },
  {
    "attendance_id": 9242,
    "student_id": 325,
    "date_g": "2025-05-13",
    "date_h": "14-11-1446",
    "check_in_time": "07:15:00",
    "check_out_time": "13:15:00",
    "status": "VIOLATION"
  },
  {
    "attendance_id": 9243,
    "student_id": 325,
    "date_g": "2025-05-14",
    "date_h": "15-11-1446",
    "check_in_time": "07:15:00",
    "check_out_time": "13:30:00",
    "status": "IN_TIME"
  },
  {
    "attendance_id": 9244,
    "student_id": 325,
    "date_g": "2025-05-18",
    "date_h": "19-11-1446",
    "check_in_time": "07:15:00",
    "check_out_time": "13:30:00",
    "status": "IN_TIME"
  },
  {
    "attendance_id": 9245,
    "student_id": 325,
    "date_g": "2025-05-19",
    "date_h": "20-11-1446",
    "check_in_time": "07:15:00",
    "check_out_time": "13:15:00",
    "status": "VIOLATION"
  },
  {
    "attendance_id": 9246,
    "student_id": 325,
    "date_g": "2025-05-22",
    "date_h": "23-11-1446",
    "check_in_time": "07:15:00",
    "check_out_time": "13:30:00",
    "status": "IN_TIME"
  },
  {
    "attendance_id": 9247,
    "student_id": 325,
    "date_g": "2025-05-25",
    "date_h": "26-11-1446",
    "check_in_time": "07:15:00",
    "check_out_time": "14:00:00",
    "status": "IN_TIME"
  },
  {
    "attendance_id": 9248,
    "student_id": 325,
    "date_g": "2025-05-26",
    "date_h": "27-11-1446",
    "check_in_time": "07:15:00",
    "check_out_time": "13:38:00",
    "status": "IN_TIME"
  },
  {
    "attendance_id": 9249,
    "student_id": 325,
    "date_g": "2025-05-27",
    "date_h": "28-11-1446",
    "check_in_time": "07:15:00",
    "check_out_time": "13:50:00",
    "status": "IN_TIME"
  },
  {
    "attendance_id": 9250,
    "student_id": 325,
    "date_g": "2025-05-28",
    "date_h": "29-11-1446",
    "check_in_time": "07:15:00",
    "check_out_time": "13:19:00",
    "status": "VIOLATION"
  },
  {
    "attendance_id": 9251,
    "student_id": 325,
    "date_g": "2025-05-29",
    "date_h": "30-11-1446",
    "check_in_time": "07:15:00",
    "check_out_time": "13:19:00",
    "status": "VIOLATION"
  },
  {
    "attendance_id": 9252,
    "student_id": 408,
    "date_g": "2025-05-01",
    "date_h": "02-11-1446",
    "check_in_time": "07:15:00",
    "check_out_time": "13:38:00",
    "status": "IN_TIME"
  },
  {
    "attendance_id": 9253,
    "student_id": 408,
    "date_g": "2025-05-04",
    "date_h": "05-11-1446",
    "check_in_time": "07:15:00",
    "check_out_time": "13:15:00",
    "status": "VIOLATION"
  },
  {
    "attendance_id": 9254,
    "student_id": 408,
    "date_g": "2025-05-05",
    "date_h": "06-11-1446",
    "check_in_time": "07:15:00",
    "check_out_time": "13:50:00",
    "status": "IN_TIME"
  },
  {
    "attendance_id": 9255,
    "student_id": 408,
    "date_g": "2025-05-06",
    "date_h": "07-11-1446",
    "check_in_time": "07:15:00",
    "check_out_time": "14:00:00",
    "status": "IN_TIME"
  },
  {
    "attendance_id": 9256,
    "student_id": 408,
    "date_g": "2025-05-07",
    "date_h": "08-11-1446",
    "check_in_time": "07:15:00",
    "check_out_time": "13:30:00",
    "status": "IN_TIME"
  },
  {
    "attendance_id": 9257,
    "student_id": 408,
    "date_g": "2025-05-08",
    "date_h": "09-11-1446",
    "check_in_time": "07:15:00",
    "check_out_time": "13:38:00",
    "status": "IN_TIME"
  },
  {
    "attendance_id": 9258,
    "student_id": 408,
    "date_g": "2025-05-12",
    "date_h": "13-11-1446",
    "check_in_time": "07:15:00",
    "check_out_time": "13:38:00",
    "status": "IN_TIME"
  },
  {
    "attendance_id": 9259,
    "student_id": 408,
    "date_g": "2025-05-13",
    "date_h": "14-11-1446",
    "check_in_time": "07:15:00",
    "check_out_time": "13:38:00",
    "status": "IN_TIME"
  },
  {
    "attendance_id": 9260,
    "student_id": 408,
    "date_g": "2025-05-15",
    "date_h": "16-11-1446",
    "check_in_time": "07:15:00",
    "check_out_time": "13:19:00",
    "status": "VIOLATION"
  },
  {
    "attendance_id": 9261,
    "student_id": 408,
    "date_g": "2025-05-18",
    "date_h": "19-11-1446",
    "check_in_time": "07:15:00",
    "check_out_time": "13:38:00",
    "status": "IN_TIME"
  },
  {
    "attendance_id": 9262,
    "student_id": 408,
    "date_g": "2025-05-19",
    "date_h": "20-11-1446",
    "check_in_time": "07:15:00",
    "check_out_time": "14:00:00",
    "status": "IN_TIME"
  },
  {
    "attendance_id": 9263,
    "student_id": 408,
    "date_g": "2025-05-20",
    "date_h": "21-11-1446",
    "check_in_time": "07:15:00",
    "check_out_time": "13:19:00",
    "status": "VIOLATION"
  },
  {
    "attendance_id": 9264,
    "student_id": 408,
    "date_g": "2025-05-22",
    "date_h": "23-11-1446",
    "check_in_time": "07:15:00",
    "check_out_time": "13:03:00",
    "status": "VIOLATION"
  },
  {
    "attendance_id": 9265,
    "student_id": 408,
    "date_g": "2025-05-25",
    "date_h": "26-11-1446",
    "check_in_time": "07:15:00",
    "check_out_time": "13:15:00",
    "status": "VIOLATION"
  },
  {
    "attendance_id": 9266,
    "student_id": 408,
    "date_g": "2025-05-26",
    "date_h": "27-11-1446",
    "check_in_time": "07:15:00",
    "check_out_time": "13:15:00",
    "status": "VIOLATION"
  },
  {
    "attendance_id": 9267,
    "student_id": 408,
    "date_g": "2025-05-27",
    "date_h": "28-11-1446",
    "check_in_time": "07:15:00",
    "check_out_time": "13:30:00",
    "status": "IN_TIME"
  },
  {
    "attendance_id": 9268,
    "student_id": 408,
    "date_g": "2025-05-28",
    "date_h": "29-11-1446",
    "check_in_time": "07:15:00",
    "check_out_time": "13:19:00",
    "status": "VIOLATION"
  },
  {
    "attendance_id": 9269,
    "student_id": 408,
    "date_g": "2025-05-29",
    "date_h": "30-11-1446",
    "check_in_time": "07:15:00",
    "check_out_time": "13:38:00",
    "status": "IN_TIME"
  },
  {
    "attendance_id": 9270,
    "student_id": 228,
    "date_g": "2025-05-01",
    "date_h": "02-11-1446",
    "check_in_time": "07:15:00",
    "check_out_time": "13:38:00",
    "status": "IN_TIME"
  },
  {
    "attendance_id": 9271,
    "student_id": 228,
    "date_g": "2025-05-04",
    "date_h": "05-11-1446",
    "check_in_time": "07:15:00",
    "check_out_time": "13:19:00",
    "status": "VIOLATION"
  },
  {
    "attendance_id": 9272,
    "student_id": 228,
    "date_g": "2025-05-05",
    "date_h": "06-11-1446",
    "check_in_time": "07:15:00",
    "check_out_time": "13:15:00",
    "status": "VIOLATION"
  },
  {
    "attendance_id": 9273,
    "student_id": 228,
    "date_g": "2025-05-06",
    "date_h": "07-11-1446",
    "check_in_time": "07:15:00",
    "check_out_time": "13:50:00",
    "status": "IN_TIME"
  },
  {
    "attendance_id": 9274,
    "student_id": 228,
    "date_g": "2025-05-07",
    "date_h": "08-11-1446",
    "check_in_time": "07:15:00",
    "check_out_time": "13:19:00",
    "status": "VIOLATION"
  },
  {
    "attendance_id": 9275,
    "student_id": 228,
    "date_g": "2025-05-08",
    "date_h": "09-11-1446",
    "check_in_time": "07:15:00",
    "check_out_time": "13:15:00",
    "status": "VIOLATION"
  },
  {
    "attendance_id": 9276,
    "student_id": 228,
    "date_g": "2025-05-11",
    "date_h": "12-11-1446",
    "check_in_time": "07:15:00",
    "check_out_time": "13:19:00",
    "status": "VIOLATION"
  },
  {
    "attendance_id": 9277,
    "student_id": 228,
    "date_g": "2025-05-13",
    "date_h": "14-11-1446",
    "check_in_time": "07:15:00",
    "check_out_time": "13:30:00",
    "status": "IN_TIME"
  },
  {
    "attendance_id": 9278,
    "student_id": 228,
    "date_g": "2025-05-18",
    "date_h": "19-11-1446",
    "check_in_time": "07:15:00",
    "check_out_time": "13:19:00",
    "status": "VIOLATION"
  },
  {
    "attendance_id": 9279,
    "student_id": 228,
    "date_g": "2025-05-19",
    "date_h": "20-11-1446",
    "check_in_time": "07:15:00",
    "check_out_time": "13:38:00",
    "status": "IN_TIME"
  },
  {
    "attendance_id": 9280,
    "student_id": 228,
    "date_g": "2025-05-22",
    "date_h": "23-11-1446",
    "check_in_time": "07:15:00",
    "check_out_time": "14:00:00",
    "status": "IN_TIME"
  },
  {
    "attendance_id": 9281,
    "student_id": 228,
    "date_g": "2025-05-25",
    "date_h": "26-11-1446",
    "check_in_time": "07:15:00",
    "check_out_time": "14:00:00",
    "status": "IN_TIME"
  },
  {
    "attendance_id": 9282,
    "student_id": 228,
    "date_g": "2025-05-26",
    "date_h": "27-11-1446",
    "check_in_time": "07:15:00",
    "check_out_time": "13:19:00",
    "status": "VIOLATION"
  },
  {
    "attendance_id": 9283,
    "student_id": 255,
    "date_g": "2025-05-01",
    "date_h": "02-11-1446",
    "check_in_time": "07:15:00",
    "check_out_time": "13:19:00",
    "status": "VIOLATION"
  },
  {
    "attendance_id": 9284,
    "student_id": 255,
    "date_g": "2025-05-05",
    "date_h": "06-11-1446",
    "check_in_time": "07:15:00",
    "check_out_time": "13:38:00",
    "status": "IN_TIME"
  },
  {
    "attendance_id": 9285,
    "student_id": 255,
    "date_g": "2025-05-06",
    "date_h": "07-11-1446",
    "check_in_time": "07:15:00",
    "check_out_time": "13:38:00",
    "status": "IN_TIME"
  },
  {
    "attendance_id": 9286,
    "student_id": 255,
    "date_g": "2025-05-07",
    "date_h": "08-11-1446",
    "check_in_time": "07:15:00",
    "check_out_time": "13:15:00",
    "status": "VIOLATION"
  },
  {
    "attendance_id": 9287,
    "student_id": 255,
    "date_g": "2025-05-11",
    "date_h": "12-11-1446",
    "check_in_time": "07:15:00",
    "check_out_time": "13:38:00",
    "status": "IN_TIME"
  },
  {
    "attendance_id": 9288,
    "student_id": 255,
    "date_g": "2025-05-12",
    "date_h": "13-11-1446",
    "check_in_time": "07:15:00",
    "check_out_time": "13:38:00",
    "status": "IN_TIME"
  },
  {
    "attendance_id": 9289,
    "student_id": 255,
    "date_g": "2025-05-13",
    "date_h": "14-11-1446",
    "check_in_time": "07:15:00",
    "check_out_time": "13:00:00",
    "status": "VIOLATION"
  },
  {
    "attendance_id": 9290,
    "student_id": 255,
    "date_g": "2025-05-14",
    "date_h": "15-11-1446",
    "check_in_time": "07:15:00",
    "check_out_time": "13:15:00",
    "status": "VIOLATION"
  },
  {
    "attendance_id": 9291,
    "student_id": 255,
    "date_g": "2025-05-15",
    "date_h": "16-11-1446",
    "check_in_time": "07:15:00",
    "check_out_time": "13:30:00",
    "status": "IN_TIME"
  },
  {
    "attendance_id": 9292,
    "student_id": 255,
    "date_g": "2025-05-19",
    "date_h": "20-11-1446",
    "check_in_time": "07:15:00",
    "check_out_time": "13:38:00",
    "status": "IN_TIME"
  },
  {
    "attendance_id": 9293,
    "student_id": 255,
    "date_g": "2025-05-21",
    "date_h": "22-11-1446",
    "check_in_time": "07:15:00",
    "check_out_time": "13:30:00",
    "status": "IN_TIME"
  },
  {
    "attendance_id": 9294,
    "student_id": 255,
    "date_g": "2025-05-22",
    "date_h": "23-11-1446",
    "check_in_time": "07:15:00",
    "check_out_time": "13:19:00",
    "status": "VIOLATION"
  },
  {
    "attendance_id": 9295,
    "student_id": 255,
    "date_g": "2025-05-25",
    "date_h": "26-11-1446",
    "check_in_time": "07:15:00",
    "check_out_time": "13:19:00",
    "status": "VIOLATION"
  },
  {
    "attendance_id": 9296,
    "student_id": 255,
    "date_g": "2025-05-28",
    "date_h": "29-11-1446",
    "check_in_time": "07:15:00",
    "check_out_time": "13:30:00",
    "status": "IN_TIME"
  },
  {
    "attendance_id": 9297,
    "student_id": 279,
    "date_g": "2025-05-04",
    "date_h": "05-11-1446",
    "check_in_time": "07:15:00",
    "check_out_time": "13:19:00",
    "status": "VIOLATION"
  },
  {
    "attendance_id": 9298,
    "student_id": 279,
    "date_g": "2025-05-06",
    "date_h": "07-11-1446",
    "check_in_time": "07:15:00",
    "check_out_time": "13:30:00",
    "status": "IN_TIME"
  },
  {
    "attendance_id": 9299,
    "student_id": 279,
    "date_g": "2025-05-07",
    "date_h": "08-11-1446",
    "check_in_time": "07:15:00",
    "check_out_time": "13:19:00",
    "status": "VIOLATION"
  },
  {
    "attendance_id": 9300,
    "student_id": 279,
    "date_g": "2025-05-08",
    "date_h": "09-11-1446",
    "check_in_time": "07:15:00",
    "check_out_time": "13:50:00",
    "status": "IN_TIME"
  },
  {
    "attendance_id": 9301,
    "student_id": 279,
    "date_g": "2025-05-11",
    "date_h": "12-11-1446",
    "check_in_time": "07:15:00",
    "check_out_time": "13:30:00",
    "status": "IN_TIME"
  },
  {
    "attendance_id": 9302,
    "student_id": 279,
    "date_g": "2025-05-13",
    "date_h": "14-11-1446",
    "check_in_time": "07:15:00",
    "check_out_time": "13:19:00",
    "status": "VIOLATION"
  },
  {
    "attendance_id": 9303,
    "student_id": 279,
    "date_g": "2025-05-14",
    "date_h": "15-11-1446",
    "check_in_time": "07:15:00",
    "check_out_time": "13:30:00",
    "status": "IN_TIME"
  },
  {
    "attendance_id": 9304,
    "student_id": 279,
    "date_g": "2025-05-15",
    "date_h": "16-11-1446",
    "check_in_time": "07:15:00",
    "check_out_time": "13:30:00",
    "status": "IN_TIME"
  },
  {
    "attendance_id": 9305,
    "student_id": 279,
    "date_g": "2025-05-18",
    "date_h": "19-11-1446",
    "check_in_time": "07:15:00",
    "check_out_time": "13:38:00",
    "status": "IN_TIME"
  },
  {
    "attendance_id": 9306,
    "student_id": 279,
    "date_g": "2025-05-19",
    "date_h": "20-11-1446",
    "check_in_time": "07:15:00",
    "check_out_time": "13:15:00",
    "status": "VIOLATION"
  },
  {
    "attendance_id": 9307,
    "student_id": 279,
    "date_g": "2025-05-22",
    "date_h": "23-11-1446",
    "check_in_time": "07:15:00",
    "check_out_time": "13:19:00",
    "status": "VIOLATION"
  },
  {
    "attendance_id": 9308,
    "student_id": 279,
    "date_g": "2025-05-25",
    "date_h": "26-11-1446",
    "check_in_time": "07:15:00",
    "check_out_time": "13:19:00",
    "status": "VIOLATION"
  },
  {
    "attendance_id": 9309,
    "student_id": 279,
    "date_g": "2025-05-26",
    "date_h": "27-11-1446",
    "check_in_time": "07:15:00",
    "check_out_time": "13:30:00",
    "status": "IN_TIME"
  },
  {
    "attendance_id": 9310,
    "student_id": 279,
    "date_g": "2025-05-28",
    "date_h": "29-11-1446",
    "check_in_time": "07:15:00",
    "check_out_time": "13:15:00",
    "status": "VIOLATION"
  },
  {
    "attendance_id": 9311,
    "student_id": 279,
    "date_g": "2025-05-29",
    "date_h": "30-11-1446",
    "check_in_time": "07:15:00",
    "check_out_time": "13:50:00",
    "status": "IN_TIME"
  },
  {
    "attendance_id": 9312,
    "student_id": 344,
    "date_g": "2025-05-04",
    "date_h": "05-11-1446",
    "check_in_time": "07:15:00",
    "check_out_time": "13:38:00",
    "status": "IN_TIME"
  },
  {
    "attendance_id": 9313,
    "student_id": 344,
    "date_g": "2025-05-05",
    "date_h": "06-11-1446",
    "check_in_time": "07:15:00",
    "check_out_time": "13:38:00",
    "status": "IN_TIME"
  },
  {
    "attendance_id": 9314,
    "student_id": 344,
    "date_g": "2025-05-08",
    "date_h": "09-11-1446",
    "check_in_time": "07:15:00",
    "check_out_time": "13:38:00",
    "status": "IN_TIME"
  },
  {
    "attendance_id": 9315,
    "student_id": 344,
    "date_g": "2025-05-11",
    "date_h": "12-11-1446",
    "check_in_time": "07:15:00",
    "check_out_time": "13:04:00",
    "status": "VIOLATION"
  },
  {
    "attendance_id": 9316,
    "student_id": 344,
    "date_g": "2025-05-12",
    "date_h": "13-11-1446",
    "check_in_time": "07:15:00",
    "check_out_time": "13:30:00",
    "status": "IN_TIME"
  },
  {
    "attendance_id": 9317,
    "student_id": 344,
    "date_g": "2025-05-13",
    "date_h": "14-11-1446",
    "check_in_time": "07:15:00",
    "check_out_time": "13:15:00",
    "status": "VIOLATION"
  },
  {
    "attendance_id": 9318,
    "student_id": 344,
    "date_g": "2025-05-14",
    "date_h": "15-11-1446",
    "check_in_time": "07:15:00",
    "check_out_time": "13:50:00",
    "status": "IN_TIME"
  },
  {
    "attendance_id": 9319,
    "student_id": 344,
    "date_g": "2025-05-15",
    "date_h": "16-11-1446",
    "check_in_time": "07:15:00",
    "check_out_time": "13:15:00",
    "status": "VIOLATION"
  },
  {
    "attendance_id": 9320,
    "student_id": 344,
    "date_g": "2025-05-18",
    "date_h": "19-11-1446",
    "check_in_time": "07:15:00",
    "check_out_time": "13:50:00",
    "status": "IN_TIME"
  },
  {
    "attendance_id": 9321,
    "student_id": 344,
    "date_g": "2025-05-19",
    "date_h": "20-11-1446",
    "check_in_time": "07:15:00",
    "check_out_time": "13:30:00",
    "status": "IN_TIME"
  },
  {
    "attendance_id": 9322,
    "student_id": 344,
    "date_g": "2025-05-20",
    "date_h": "21-11-1446",
    "check_in_time": "07:15:00",
    "check_out_time": "13:30:00",
    "status": "IN_TIME"
  },
  {
    "attendance_id": 9323,
    "student_id": 344,
    "date_g": "2025-05-22",
    "date_h": "23-11-1446",
    "check_in_time": "07:15:00",
    "check_out_time": "13:50:00",
    "status": "IN_TIME"
  },
  {
    "attendance_id": 9324,
    "student_id": 344,
    "date_g": "2025-05-25",
    "date_h": "26-11-1446",
    "check_in_time": "07:15:00",
    "check_out_time": "13:19:00",
    "status": "VIOLATION"
  },
  {
    "attendance_id": 9325,
    "student_id": 344,
    "date_g": "2025-05-29",
    "date_h": "30-11-1446",
    "check_in_time": "07:15:00",
    "check_out_time": "13:19:00",
    "status": "VIOLATION"
  },
  {
    "attendance_id": 9326,
    "student_id": 123,
    "date_g": "2025-05-01",
    "date_h": "02-11-1446",
    "check_in_time": "07:15:00",
    "check_out_time": "13:30:00",
    "status": "IN_TIME"
  },
  {
    "attendance_id": 9327,
    "student_id": 123,
    "date_g": "2025-05-05",
    "date_h": "06-11-1446",
    "check_in_time": "07:15:00",
    "check_out_time": "13:19:00",
    "status": "VIOLATION"
  },
  {
    "attendance_id": 9328,
    "student_id": 123,
    "date_g": "2025-05-07",
    "date_h": "08-11-1446",
    "check_in_time": "07:15:00",
    "check_out_time": "13:38:00",
    "status": "IN_TIME"
  },
  {
    "attendance_id": 9329,
    "student_id": 123,
    "date_g": "2025-05-08",
    "date_h": "09-11-1446",
    "check_in_time": "07:15:00",
    "check_out_time": "13:38:00",
    "status": "IN_TIME"
  },
  {
    "attendance_id": 9330,
    "student_id": 123,
    "date_g": "2025-05-11",
    "date_h": "12-11-1446",
    "check_in_time": "07:15:00",
    "check_out_time": "13:50:00",
    "status": "IN_TIME"
  },
  {
    "attendance_id": 9331,
    "student_id": 123,
    "date_g": "2025-05-15",
    "date_h": "16-11-1446",
    "check_in_time": "07:15:00",
    "check_out_time": "13:50:00",
    "status": "IN_TIME"
  },
  {
    "attendance_id": 9332,
    "student_id": 123,
    "date_g": "2025-05-20",
    "date_h": "21-11-1446",
    "check_in_time": "07:15:00",
    "check_out_time": "13:19:00",
    "status": "VIOLATION"
  },
  {
    "attendance_id": 9333,
    "student_id": 123,
    "date_g": "2025-05-21",
    "date_h": "22-11-1446",
    "check_in_time": "07:15:00",
    "check_out_time": "13:19:00",
    "status": "VIOLATION"
  },
  {
    "attendance_id": 9334,
    "student_id": 123,
    "date_g": "2025-05-22",
    "date_h": "23-11-1446",
    "check_in_time": "07:15:00",
    "check_out_time": "13:50:00",
    "status": "IN_TIME"
  },
  {
    "attendance_id": 9335,
    "student_id": 123,
    "date_g": "2025-05-25",
    "date_h": "26-11-1446",
    "check_in_time": "07:15:00",
    "check_out_time": "14:00:00",
    "status": "IN_TIME"
  },
  {
    "attendance_id": 9336,
    "student_id": 123,
    "date_g": "2025-05-26",
    "date_h": "27-11-1446",
    "check_in_time": "07:15:00",
    "check_out_time": "13:50:00",
    "status": "IN_TIME"
  },
  {
    "attendance_id": 9337,
    "student_id": 123,
    "date_g": "2025-05-27",
    "date_h": "28-11-1446",
    "check_in_time": "07:15:00",
    "check_out_time": "13:30:00",
    "status": "IN_TIME"
  },
  {
    "attendance_id": 9338,
    "student_id": 123,
    "date_g": "2025-05-29",
    "date_h": "30-11-1446",
    "check_in_time": "07:15:00",
    "check_out_time": "13:38:00",
    "status": "IN_TIME"
  },
  {
    "attendance_id": 9339,
    "student_id": 63,
    "date_g": "2025-05-01",
    "date_h": "02-11-1446",
    "check_in_time": "07:15:00",
    "check_out_time": "13:38:00",
    "status": "IN_TIME"
  },
  {
    "attendance_id": 9340,
    "student_id": 63,
    "date_g": "2025-05-04",
    "date_h": "05-11-1446",
    "check_in_time": "07:15:00",
    "check_out_time": "13:19:00",
    "status": "VIOLATION"
  },
  {
    "attendance_id": 9341,
    "student_id": 63,
    "date_g": "2025-05-06",
    "date_h": "07-11-1446",
    "check_in_time": "07:15:00",
    "check_out_time": "13:38:00",
    "status": "IN_TIME"
  },
  {
    "attendance_id": 9342,
    "student_id": 63,
    "date_g": "2025-05-07",
    "date_h": "08-11-1446",
    "check_in_time": "07:15:00",
    "check_out_time": "13:19:00",
    "status": "VIOLATION"
  },
  {
    "attendance_id": 9343,
    "student_id": 63,
    "date_g": "2025-05-08",
    "date_h": "09-11-1446",
    "check_in_time": "07:15:00",
    "check_out_time": "13:19:00",
    "status": "VIOLATION"
  },
  {
    "attendance_id": 9344,
    "student_id": 63,
    "date_g": "2025-05-14",
    "date_h": "15-11-1446",
    "check_in_time": "07:15:00",
    "check_out_time": "13:38:00",
    "status": "IN_TIME"
  },
  {
    "attendance_id": 9345,
    "student_id": 63,
    "date_g": "2025-05-15",
    "date_h": "16-11-1446",
    "check_in_time": "07:15:00",
    "check_out_time": "13:38:00",
    "status": "IN_TIME"
  },
  {
    "attendance_id": 9346,
    "student_id": 63,
    "date_g": "2025-05-18",
    "date_h": "19-11-1446",
    "check_in_time": "07:15:00",
    "check_out_time": "14:00:00",
    "status": "IN_TIME"
  },
  {
    "attendance_id": 9347,
    "student_id": 63,
    "date_g": "2025-05-19",
    "date_h": "20-11-1446",
    "check_in_time": "07:15:00",
    "check_out_time": "13:19:00",
    "status": "VIOLATION"
  },
  {
    "attendance_id": 9348,
    "student_id": 63,
    "date_g": "2025-05-20",
    "date_h": "21-11-1446",
    "check_in_time": "07:15:00",
    "check_out_time": "13:19:00",
    "status": "VIOLATION"
  },
  {
    "attendance_id": 9349,
    "student_id": 63,
    "date_g": "2025-05-22",
    "date_h": "23-11-1446",
    "check_in_time": "07:15:00",
    "check_out_time": "13:19:00",
    "status": "VIOLATION"
  },
  {
    "attendance_id": 9350,
    "student_id": 63,
    "date_g": "2025-05-25",
    "date_h": "26-11-1446",
    "check_in_time": "07:15:00",
    "check_out_time": "13:19:00",
    "status": "VIOLATION"
  },
  {
    "attendance_id": 9351,
    "student_id": 63,
    "date_g": "2025-05-26",
    "date_h": "27-11-1446",
    "check_in_time": "07:15:00",
    "check_out_time": "13:50:00",
    "status": "IN_TIME"
  },
  {
    "attendance_id": 9352,
    "student_id": 63,
    "date_g": "2025-05-27",
    "date_h": "28-11-1446",
    "check_in_time": "07:15:00",
    "check_out_time": "13:19:00",
    "status": "VIOLATION"
  },
  {
    "attendance_id": 9353,
    "student_id": 63,
    "date_g": "2025-05-29",
    "date_h": "30-11-1446",
    "check_in_time": "07:15:00",
    "check_out_time": "13:38:00",
    "status": "IN_TIME"
  },
  {
    "attendance_id": 9354,
    "student_id": 441,
    "date_g": "2025-05-01",
    "date_h": "02-11-1446",
    "check_in_time": "07:15:00",
    "check_out_time": "13:30:00",
    "status": "IN_TIME"
  },
  {
    "attendance_id": 9355,
    "student_id": 441,
    "date_g": "2025-05-04",
    "date_h": "05-11-1446",
    "check_in_time": "07:15:00",
    "check_out_time": "13:38:00",
    "status": "IN_TIME"
  },
  {
    "attendance_id": 9356,
    "student_id": 441,
    "date_g": "2025-05-05",
    "date_h": "06-11-1446",
    "check_in_time": "07:15:00",
    "check_out_time": "13:19:00",
    "status": "VIOLATION"
  },
  {
    "attendance_id": 9357,
    "student_id": 441,
    "date_g": "2025-05-07",
    "date_h": "08-11-1446",
    "check_in_time": "07:15:00",
    "check_out_time": "13:30:00",
    "status": "IN_TIME"
  },
  {
    "attendance_id": 9358,
    "student_id": 441,
    "date_g": "2025-05-08",
    "date_h": "09-11-1446",
    "check_in_time": "07:15:00",
    "check_out_time": "13:03:00",
    "status": "VIOLATION"
  },
  {
    "attendance_id": 9359,
    "student_id": 441,
    "date_g": "2025-05-13",
    "date_h": "14-11-1446",
    "check_in_time": "07:15:00",
    "check_out_time": "13:19:00",
    "status": "VIOLATION"
  },
  {
    "attendance_id": 9360,
    "student_id": 441,
    "date_g": "2025-05-14",
    "date_h": "15-11-1446",
    "check_in_time": "07:15:00",
    "check_out_time": "13:38:00",
    "status": "IN_TIME"
  },
  {
    "attendance_id": 9361,
    "student_id": 441,
    "date_g": "2025-05-15",
    "date_h": "16-11-1446",
    "check_in_time": "07:15:00",
    "check_out_time": "13:30:00",
    "status": "IN_TIME"
  },
  {
    "attendance_id": 9362,
    "student_id": 441,
    "date_g": "2025-05-18",
    "date_h": "19-11-1446",
    "check_in_time": "07:15:00",
    "check_out_time": "13:38:00",
    "status": "IN_TIME"
  },
  {
    "attendance_id": 9363,
    "student_id": 441,
    "date_g": "2025-05-19",
    "date_h": "20-11-1446",
    "check_in_time": "07:15:00",
    "check_out_time": "13:38:00",
    "status": "IN_TIME"
  },
  {
    "attendance_id": 9364,
    "student_id": 441,
    "date_g": "2025-05-20",
    "date_h": "21-11-1446",
    "check_in_time": "07:15:00",
    "check_out_time": "13:50:00",
    "status": "IN_TIME"
  },
  {
    "attendance_id": 9365,
    "student_id": 441,
    "date_g": "2025-05-21",
    "date_h": "22-11-1446",
    "check_in_time": "07:15:00",
    "check_out_time": "13:19:00",
    "status": "VIOLATION"
  },
  {
    "attendance_id": 9366,
    "student_id": 441,
    "date_g": "2025-05-22",
    "date_h": "23-11-1446",
    "check_in_time": "07:15:00",
    "check_out_time": "13:50:00",
    "status": "IN_TIME"
  },
  {
    "attendance_id": 9367,
    "student_id": 441,
    "date_g": "2025-05-25",
    "date_h": "26-11-1446",
    "check_in_time": "07:15:00",
    "check_out_time": "13:15:00",
    "status": "VIOLATION"
  },
  {
    "attendance_id": 9368,
    "student_id": 441,
    "date_g": "2025-05-27",
    "date_h": "28-11-1446",
    "check_in_time": "07:15:00",
    "check_out_time": "13:38:00",
    "status": "IN_TIME"
  },
  {
    "attendance_id": 9369,
    "student_id": 441,
    "date_g": "2025-05-28",
    "date_h": "29-11-1446",
    "check_in_time": "07:15:00",
    "check_out_time": "13:30:00",
    "status": "IN_TIME"
  },
  {
    "attendance_id": 9370,
    "student_id": 441,
    "date_g": "2025-05-29",
    "date_h": "30-11-1446",
    "check_in_time": "07:15:00",
    "check_out_time": "13:00:00",
    "status": "VIOLATION"
  }
]