[
  {
    "excuse_id": 1,
    "student_id": 1,
    "parent_id": 2,
    "reason_id": 1,
    "excuse_date_g": "2025-05-15 00:00:00",
    "excuse_date_h": "07-11-1446",
    "submitted_at": "2025-05-15 00:00:00",
    "remarks_en": NaN,
    "remarks_ar": NaN,
    "status_en": "APPROVED",
    "status_ar": "مصدق"
  },
  {
    "excuse_id": 2,
    "student_id": 1,
    "parent_id": 4,
    "reason_id": 1,
    "excuse_date_g": "2025-05-16 00:00:00",
    "excuse_date_h": "08-11-1446",
    "submitted_at": "2025-05-16 00:00:00",
    "remarks_en": NaN,
    "remarks_ar": NaN,
    "status_en": "PENDING",
    "status_ar": "معلق"
  },
  {
    "excuse_id": 3,
    "student_id": 1,
    "parent_id": 7,
    "reason_id": 1,
    "excuse_date_g": "2025-05-17 00:00:00",
    "excuse_date_h": "07-11-1447",
    "submitted_at": "2025-05-17 00:00:00",
    "remarks_en": NaN,
    "remarks_ar": NaN,
    "status_en": "REJECTED",
    "status_ar": "مرفوض"
  },
  {
    "excuse_id": 4,
    "student_id": 2,
    "parent_id": 10,
    "reason_id": 1,
    "excuse_date_g": "2025-05-18 00:00:00",
    "excuse_date_h": "08-11-1447",
    "submitted_at": "2025-05-18 00:00:00",
    "remarks_en": NaN,
    "remarks_ar": NaN,
    "status_en": "APPROVED",
    "status_ar": "مصدق"
  },
  {
    "excuse_id": 5,
    "student_id": 3,
    "parent_id": 18,
    "reason_id": 1,
    "excuse_date_g": "2025-05-19 00:00:00",
    "excuse_date_h": "07-11-1448",
    "submitted_at": "2025-05-19 00:00:00",
    "remarks_en": NaN,
    "remarks_ar": NaN,
    "status_en": "PENDING",
    "status_ar": "معلق"
  },
  {
    "excuse_id": 6,
    "student_id": 3,
    "parent_id": 19,
    "reason_id": 1,
    "excuse_date_g": "2025-05-20 00:00:00",
    "excuse_date_h": "08-11-1448",
    "submitted_at": "2025-05-20 00:00:00",
    "remarks_en": NaN,
    "remarks_ar": NaN,
    "status_en": "REJECTED",
    "status_ar": "مرفوض"
  },
  {
    "excuse_id": 7,
    "student_id": 4,
    "parent_id": 25,
    "reason_id": 1,
    "excuse_date_g": "2025-05-21 00:00:00",
    "excuse_date_h": "07-11-1449",
    "submitted_at": "2025-05-21 00:00:00",
    "remarks_en": NaN,
    "remarks_ar": NaN,
    "status_en": "APPROVED",
    "status_ar": "مصدق"
  },
  {
    "excuse_id": 8,
    "student_id": 4,
    "parent_id": 28,
    "reason_id": 1,
    "excuse_date_g": "2025-05-22 00:00:00",
    "excuse_date_h": "08-11-1449",
    "submitted_at": "2025-05-22 00:00:00",
    "remarks_en": NaN,
    "remarks_ar": NaN,
    "status_en": "PENDING",
    "status_ar": "معلق"
  },
  {
    "excuse_id": 9,
    "student_id": 5,
    "parent_id": 30,
    "reason_id": 1,
    "excuse_date_g": "2025-05-23 00:00:00",
    "excuse_date_h": "07-11-1450",
    "submitted_at": "2025-05-23 00:00:00",
    "remarks_en": NaN,
    "remarks_ar": NaN,
    "status_en": "REJECTED",
    "status_ar": "مرفوض"
  },
  {
    "excuse_id": 10,
    "student_id": 5,
    "parent_id": 31,
    "reason_id": 1,
    "excuse_date_g": "2025-05-24 00:00:00",
    "excuse_date_h": "08-11-1450",
    "submitted_at": "2025-05-24 00:00:00",
    "remarks_en": NaN,
    "remarks_ar": NaN,
    "status_en": "APPROVED",
    "status_ar": "مصدق"
  },
  {
    "excuse_id": 11,
    "student_id": 5,
    "parent_id": 33,
    "reason_id": 1,
    "excuse_date_g": "2025-05-25 00:00:00",
    "excuse_date_h": "07-11-1451",
    "submitted_at": "2025-05-25 00:00:00",
    "remarks_en": NaN,
    "remarks_ar": NaN,
    "status_en": "PENDING",
    "status_ar": "معلق"
  },
  {
    "excuse_id": 12,
    "student_id": 5,
    "parent_id": 35,
    "reason_id": 1,
    "excuse_date_g": "2025-05-26 00:00:00",
    "excuse_date_h": "08-11-1451",
    "submitted_at": "2025-05-26 00:00:00",
    "remarks_en": NaN,
    "remarks_ar": NaN,
    "status_en": "REJECTED",
    "status_ar": "مرفوض"
  },
  {
    "excuse_id": 13,
    "student_id": 6,
    "parent_id": 39,
    "reason_id": 1,
    "excuse_date_g": "2025-05-27 00:00:00",
    "excuse_date_h": "07-11-1452",
    "submitted_at": "2025-05-27 00:00:00",
    "remarks_en": NaN,
    "remarks_ar": NaN,
    "status_en": "APPROVED",
    "status_ar": "مصدق"
  },
  {
    "excuse_id": 14,
    "student_id": 7,
    "parent_id": 44,
    "reason_id": 1,
    "excuse_date_g": "2025-05-28 00:00:00",
    "excuse_date_h": "08-11-1452",
    "submitted_at": "2025-05-28 00:00:00",
    "remarks_en": NaN,
    "remarks_ar": NaN,
    "status_en": "PENDING",
    "status_ar": "معلق"
  },
  {
    "excuse_id": 15,
    "student_id": 7,
    "parent_id": 49,
    "reason_id": 1,
    "excuse_date_g": "2025-05-29 00:00:00",
    "excuse_date_h": "07-11-1453",
    "submitted_at": "2025-05-29 00:00:00",
    "remarks_en": NaN,
    "remarks_ar": NaN,
    "status_en": "REJECTED",
    "status_ar": "مرفوض"
  },
  {
    "excuse_id": 16,
    "student_id": 8,
    "parent_id": 51,
    "reason_id": 1,
    "excuse_date_g": "2025-05-30 00:00:00",
    "excuse_date_h": "08-11-1453",
    "submitted_at": "2025-05-30 00:00:00",
    "remarks_en": NaN,
    "remarks_ar": NaN,
    "status_en": "APPROVED",
    "status_ar": "مصدق"
  },
  {
    "excuse_id": 17,
    "student_id": 9,
    "parent_id": 58,
    "reason_id": 1,
    "excuse_date_g": "2025-05-15 00:00:00",
    "excuse_date_h": "07-11-1446",
    "submitted_at": "2025-05-15 00:00:00",
    "remarks_en": NaN,
    "remarks_ar": NaN,
    "status_en": "PENDING",
    "status_ar": "معلق"
  },
  {
    "excuse_id": 18,
    "student_id": 9,
    "parent_id": 60,
    "reason_id": 1,
    "excuse_date_g": "2025-05-16 00:00:00",
    "excuse_date_h": "08-11-1446",
    "submitted_at": "2025-05-16 00:00:00",
    "remarks_en": NaN,
    "remarks_ar": NaN,
    "status_en": "REJECTED",
    "status_ar": "مرفوض"
  },
  {
    "excuse_id": 19,
    "student_id": 9,
    "parent_id": 63,
    "reason_id": 1,
    "excuse_date_g": "2025-05-17 00:00:00",
    "excuse_date_h": "07-11-1447",
    "submitted_at": "2025-05-17 00:00:00",
    "remarks_en": NaN,
    "remarks_ar": NaN,
    "status_en": "APPROVED",
    "status_ar": "مصدق"
  },
  {
    "excuse_id": 20,
    "student_id": 10,
    "parent_id": 64,
    "reason_id": 1,
    "excuse_date_g": "2025-05-18 00:00:00",
    "excuse_date_h": "08-11-1447",
    "submitted_at": "2025-05-18 00:00:00",
    "remarks_en": NaN,
    "remarks_ar": NaN,
    "status_en": "PENDING",
    "status_ar": "معلق"
  },
  {
    "excuse_id": 21,
    "student_id": 10,
    "parent_id": 65,
    "reason_id": 1,
    "excuse_date_g": "2025-05-19 00:00:00",
    "excuse_date_h": "07-11-1448",
    "submitted_at": "2025-05-19 00:00:00",
    "remarks_en": NaN,
    "remarks_ar": NaN,
    "status_en": "REJECTED",
    "status_ar": "مرفوض"
  },
  {
    "excuse_id": 22,
    "student_id": 10,
    "parent_id": 66,
    "reason_id": 1,
    "excuse_date_g": "2025-05-20 00:00:00",
    "excuse_date_h": "08-11-1448",
    "submitted_at": "2025-05-20 00:00:00",
    "remarks_en": NaN,
    "remarks_ar": NaN,
    "status_en": "APPROVED",
    "status_ar": "مصدق"
  },
  {
    "excuse_id": 23,
    "student_id": 10,
    "parent_id": 68,
    "reason_id": 1,
    "excuse_date_g": "2025-05-21 00:00:00",
    "excuse_date_h": "07-11-1449",
    "submitted_at": "2025-05-21 00:00:00",
    "remarks_en": NaN,
    "remarks_ar": NaN,
    "status_en": "PENDING",
    "status_ar": "معلق"
  },
  {
    "excuse_id": 24,
    "student_id": 11,
    "parent_id": 71,
    "reason_id": 1,
    "excuse_date_g": "2025-05-22 00:00:00",
    "excuse_date_h": "08-11-1449",
    "submitted_at": "2025-05-22 00:00:00",
    "remarks_en": NaN,
    "remarks_ar": NaN,
    "status_en": "REJECTED",
    "status_ar": "مرفوض"
  },
  {
    "excuse_id": 25,
    "student_id": 11,
    "parent_id": 72,
    "reason_id": 1,
    "excuse_date_g": "2025-05-23 00:00:00",
    "excuse_date_h": "07-11-1450",
    "submitted_at": "2025-05-23 00:00:00",
    "remarks_en": NaN,
    "remarks_ar": NaN,
    "status_en": "APPROVED",
    "status_ar": "مصدق"
  },
  {
    "excuse_id": 26,
    "student_id": 11,
    "parent_id": 73,
    "reason_id": 1,
    "excuse_date_g": "2025-05-24 00:00:00",
    "excuse_date_h": "08-11-1450",
    "submitted_at": "2025-05-24 00:00:00",
    "remarks_en": NaN,
    "remarks_ar": NaN,
    "status_en": "PENDING",
    "status_ar": "معلق"
  },
  {
    "excuse_id": 27,
    "student_id": 11,
    "parent_id": 74,
    "reason_id": 1,
    "excuse_date_g": "2025-05-25 00:00:00",
    "excuse_date_h": "07-11-1451",
    "submitted_at": "2025-05-25 00:00:00",
    "remarks_en": NaN,
    "remarks_ar": NaN,
    "status_en": "REJECTED",
    "status_ar": "مرفوض"
  },
  {
    "excuse_id": 28,
    "student_id": 11,
    "parent_id": 75,
    "reason_id": 1,
    "excuse_date_g": "2025-05-26 00:00:00",
    "excuse_date_h": "08-11-1451",
    "submitted_at": "2025-05-26 00:00:00",
    "remarks_en": NaN,
    "remarks_ar": NaN,
    "status_en": "APPROVED",
    "status_ar": "مصدق"
  },
  {
    "excuse_id": 29,
    "student_id": 11,
    "parent_id": 77,
    "reason_id": 1,
    "excuse_date_g": "2025-05-27 00:00:00",
    "excuse_date_h": "07-11-1452",
    "submitted_at": "2025-05-27 00:00:00",
    "remarks_en": NaN,
    "remarks_ar": NaN,
    "status_en": "PENDING",
    "status_ar": "معلق"
  },
  {
    "excuse_id": 30,
    "student_id": 12,
    "parent_id": 78,
    "reason_id": 1,
    "excuse_date_g": "2025-05-28 00:00:00",
    "excuse_date_h": "08-11-1452",
    "submitted_at": "2025-05-28 00:00:00",
    "remarks_en": NaN,
    "remarks_ar": NaN,
    "status_en": "REJECTED",
    "status_ar": "مرفوض"
  },
  {
    "excuse_id": 31,
    "student_id": 12,
    "parent_id": 80,
    "reason_id": 2,
    "excuse_date_g": "2025-05-29 00:00:00",
    "excuse_date_h": "07-11-1453",
    "submitted_at": "2025-05-29 00:00:00",
    "remarks_en": NaN,
    "remarks_ar": NaN,
    "status_en": "APPROVED",
    "status_ar": "مصدق"
  },
  {
    "excuse_id": 32,
    "student_id": 13,
    "parent_id": 90,
    "reason_id": 2,
    "excuse_date_g": "2025-05-30 00:00:00",
    "excuse_date_h": "08-11-1453",
    "submitted_at": "2025-05-30 00:00:00",
    "remarks_en": NaN,
    "remarks_ar": NaN,
    "status_en": "PENDING",
    "status_ar": "معلق"
  },
  {
    "excuse_id": 33,
    "student_id": 14,
    "parent_id": 94,
    "reason_id": 2,
    "excuse_date_g": "2025-05-15 00:00:00",
    "excuse_date_h": "07-11-1446",
    "submitted_at": "2025-05-15 00:00:00",
    "remarks_en": NaN,
    "remarks_ar": NaN,
    "status_en": "REJECTED",
    "status_ar": "مرفوض"
  },
  {
    "excuse_id": 34,
    "student_id": 14,
    "parent_id": 97,
    "reason_id": 2,
    "excuse_date_g": "2025-05-16 00:00:00",
    "excuse_date_h": "08-11-1446",
    "submitted_at": "2025-05-16 00:00:00",
    "remarks_en": NaN,
    "remarks_ar": NaN,
    "status_en": "APPROVED",
    "status_ar": "مصدق"
  },
  {
    "excuse_id": 35,
    "student_id": 14,
    "parent_id": 98,
    "reason_id": 2,
    "excuse_date_g": "2025-05-17 00:00:00",
    "excuse_date_h": "07-11-1447",
    "submitted_at": "2025-05-17 00:00:00",
    "remarks_en": NaN,
    "remarks_ar": NaN,
    "status_en": "PENDING",
    "status_ar": "معلق"
  },
  {
    "excuse_id": 36,
    "student_id": 15,
    "parent_id": 100,
    "reason_id": 1,
    "excuse_date_g": "2025-05-18 00:00:00",
    "excuse_date_h": "08-11-1447",
    "submitted_at": "2025-05-18 00:00:00",
    "remarks_en": NaN,
    "remarks_ar": NaN,
    "status_en": "REJECTED",
    "status_ar": "مرفوض"
  },
  {
    "excuse_id": 37,
    "student_id": 15,
    "parent_id": 103,
    "reason_id": 1,
    "excuse_date_g": "2025-05-19 00:00:00",
    "excuse_date_h": "07-11-1448",
    "submitted_at": "2025-05-19 00:00:00",
    "remarks_en": NaN,
    "remarks_ar": NaN,
    "status_en": "APPROVED",
    "status_ar": "مصدق"
  },
  {
    "excuse_id": 38,
    "student_id": 15,
    "parent_id": 104,
    "reason_id": 1,
    "excuse_date_g": "2025-05-20 00:00:00",
    "excuse_date_h": "08-11-1448",
    "submitted_at": "2025-05-20 00:00:00",
    "remarks_en": NaN,
    "remarks_ar": NaN,
    "status_en": "PENDING",
    "status_ar": "معلق"
  },
  {
    "excuse_id": 39,
    "student_id": 16,
    "parent_id": 107,
    "reason_id": 1,
    "excuse_date_g": "2025-05-21 00:00:00",
    "excuse_date_h": "07-11-1449",
    "submitted_at": "2025-05-21 00:00:00",
    "remarks_en": NaN,
    "remarks_ar": NaN,
    "status_en": "REJECTED",
    "status_ar": "مرفوض"
  },
  {
    "excuse_id": 40,
    "student_id": 16,
    "parent_id": 109,
    "reason_id": 1,
    "excuse_date_g": "2025-05-22 00:00:00",
    "excuse_date_h": "08-11-1449",
    "submitted_at": "2025-05-22 00:00:00",
    "remarks_en": NaN,
    "remarks_ar": NaN,
    "status_en": "APPROVED",
    "status_ar": "مصدق"
  },
  {
    "excuse_id": 41,
    "student_id": 16,
    "parent_id": 110,
    "reason_id": 1,
    "excuse_date_g": "2025-05-23 00:00:00",
    "excuse_date_h": "07-11-1450",
    "submitted_at": "2025-05-23 00:00:00",
    "remarks_en": NaN,
    "remarks_ar": NaN,
    "status_en": "PENDING",
    "status_ar": "معلق"
  },
  {
    "excuse_id": 42,
    "student_id": 17,
    "parent_id": 114,
    "reason_id": 1,
    "excuse_date_g": "2025-05-24 00:00:00",
    "excuse_date_h": "08-11-1450",
    "submitted_at": "2025-05-24 00:00:00",
    "remarks_en": NaN,
    "remarks_ar": NaN,
    "status_en": "REJECTED",
    "status_ar": "مرفوض"
  },
  {
    "excuse_id": 43,
    "student_id": 17,
    "parent_id": 117,
    "reason_id": 1,
    "excuse_date_g": "2025-05-25 00:00:00",
    "excuse_date_h": "07-11-1451",
    "submitted_at": "2025-05-25 00:00:00",
    "remarks_en": NaN,
    "remarks_ar": NaN,
    "status_en": "APPROVED",
    "status_ar": "مصدق"
  },
  {
    "excuse_id": 44,
    "student_id": 17,
    "parent_id": 118,
    "reason_id": 1,
    "excuse_date_g": "2025-05-26 00:00:00",
    "excuse_date_h": "08-11-1451",
    "submitted_at": "2025-05-26 00:00:00",
    "remarks_en": NaN,
    "remarks_ar": NaN,
    "status_en": "PENDING",
    "status_ar": "معلق"
  },
  {
    "excuse_id": 45,
    "student_id": 18,
    "parent_id": 121,
    "reason_id": 1,
    "excuse_date_g": "2025-05-27 00:00:00",
    "excuse_date_h": "07-11-1452",
    "submitted_at": "2025-05-27 00:00:00",
    "remarks_en": NaN,
    "remarks_ar": NaN,
    "status_en": "REJECTED",
    "status_ar": "مرفوض"
  },
  {
    "excuse_id": 46,
    "student_id": 18,
    "parent_id": 123,
    "reason_id": 1,
    "excuse_date_g": "2025-05-28 00:00:00",
    "excuse_date_h": "08-11-1452",
    "submitted_at": "2025-05-28 00:00:00",
    "remarks_en": NaN,
    "remarks_ar": NaN,
    "status_en": "APPROVED",
    "status_ar": "مصدق"
  },
  {
    "excuse_id": 47,
    "student_id": 18,
    "parent_id": 125,
    "reason_id": 1,
    "excuse_date_g": "2025-05-29 00:00:00",
    "excuse_date_h": "07-11-1453",
    "submitted_at": "2025-05-29 00:00:00",
    "remarks_en": NaN,
    "remarks_ar": NaN,
    "status_en": "PENDING",
    "status_ar": "معلق"
  },
  {
    "excuse_id": 48,
    "student_id": 19,
    "parent_id": 132,
    "reason_id": 1,
    "excuse_date_g": "2025-05-30 00:00:00",
    "excuse_date_h": "08-11-1453",
    "submitted_at": "2025-05-30 00:00:00",
    "remarks_en": NaN,
    "remarks_ar": NaN,
    "status_en": "REJECTED",
    "status_ar": "مرفوض"
  },
  {
    "excuse_id": 49,
    "student_id": 20,
    "parent_id": 135,
    "reason_id": 1,
    "excuse_date_g": "2025-05-15 00:00:00",
    "excuse_date_h": "07-11-1446",
    "submitted_at": "2025-05-15 00:00:00",
    "remarks_en": NaN,
    "remarks_ar": NaN,
    "status_en": "APPROVED",
    "status_ar": "مصدق"
  },
  {
    "excuse_id": 50,
    "student_id": 20,
    "parent_id": 136,
    "reason_id": 3,
    "excuse_date_g": "2025-05-16 00:00:00",
    "excuse_date_h": "08-11-1446",
    "submitted_at": "2025-05-16 00:00:00",
    "remarks_en": NaN,
    "remarks_ar": NaN,
    "status_en": "PENDING",
    "status_ar": "معلق"
  },
  {
    "excuse_id": 51,
    "student_id": 20,
    "parent_id": 137,
    "reason_id": 3,
    "excuse_date_g": "2025-05-17 00:00:00",
    "excuse_date_h": "07-11-1447",
    "submitted_at": "2025-05-17 00:00:00",
    "remarks_en": NaN,
    "remarks_ar": NaN,
    "status_en": "REJECTED",
    "status_ar": "مرفوض"
  },
  {
    "excuse_id": 52,
    "student_id": 20,
    "parent_id": 138,
    "reason_id": 3,
    "excuse_date_g": "2025-05-18 00:00:00",
    "excuse_date_h": "08-11-1447",
    "submitted_at": "2025-05-18 00:00:00",
    "remarks_en": NaN,
    "remarks_ar": NaN,
    "status_en": "APPROVED",
    "status_ar": "مصدق"
  },
  {
    "excuse_id": 53,
    "student_id": 21,
    "parent_id": 141,
    "reason_id": 3,
    "excuse_date_g": "2025-05-19 00:00:00",
    "excuse_date_h": "07-11-1448",
    "submitted_at": "2025-05-19 00:00:00",
    "remarks_en": NaN,
    "remarks_ar": NaN,
    "status_en": "PENDING",
    "status_ar": "معلق"
  },
  {
    "excuse_id": 54,
    "student_id": 21,
    "parent_id": 145,
    "reason_id": 3,
    "excuse_date_g": "2025-05-20 00:00:00",
    "excuse_date_h": "08-11-1448",
    "submitted_at": "2025-05-20 00:00:00",
    "remarks_en": NaN,
    "remarks_ar": NaN,
    "status_en": "REJECTED",
    "status_ar": "مرفوض"
  },
  {
    "excuse_id": 55,
    "student_id": 22,
    "parent_id": 149,
    "reason_id": 3,
    "excuse_date_g": "2025-05-21 00:00:00",
    "excuse_date_h": "07-11-1449",
    "submitted_at": "2025-05-21 00:00:00",
    "remarks_en": NaN,
    "remarks_ar": NaN,
    "status_en": "APPROVED",
    "status_ar": "مصدق"
  },
  {
    "excuse_id": 56,
    "student_id": 22,
    "parent_id": 150,
    "reason_id": 3,
    "excuse_date_g": "2025-05-22 00:00:00",
    "excuse_date_h": "08-11-1449",
    "submitted_at": "2025-05-22 00:00:00",
    "remarks_en": NaN,
    "remarks_ar": NaN,
    "status_en": "PENDING",
    "status_ar": "معلق"
  },
  {
    "excuse_id": 57,
    "student_id": 22,
    "parent_id": 154,
    "reason_id": 3,
    "excuse_date_g": "2025-05-23 00:00:00",
    "excuse_date_h": "07-11-1450",
    "submitted_at": "2025-05-23 00:00:00",
    "remarks_en": NaN,
    "remarks_ar": NaN,
    "status_en": "REJECTED",
    "status_ar": "مرفوض"
  },
  {
    "excuse_id": 58,
    "student_id": 23,
    "parent_id": 156,
    "reason_id": 3,
    "excuse_date_g": "2025-05-24 00:00:00",
    "excuse_date_h": "08-11-1450",
    "submitted_at": "2025-05-24 00:00:00",
    "remarks_en": NaN,
    "remarks_ar": NaN,
    "status_en": "APPROVED",
    "status_ar": "مصدق"
  },
  {
    "excuse_id": 59,
    "student_id": 23,
    "parent_id": 157,
    "reason_id": 3,
    "excuse_date_g": "2025-05-25 00:00:00",
    "excuse_date_h": "07-11-1451",
    "submitted_at": "2025-05-25 00:00:00",
    "remarks_en": NaN,
    "remarks_ar": NaN,
    "status_en": "PENDING",
    "status_ar": "معلق"
  },
  {
    "excuse_id": 60,
    "student_id": 23,
    "parent_id": 158,
    "reason_id": 3,
    "excuse_date_g": "2025-05-26 00:00:00",
    "excuse_date_h": "08-11-1451",
    "submitted_at": "2025-05-26 00:00:00",
    "remarks_en": NaN,
    "remarks_ar": NaN,
    "status_en": "REJECTED",
    "status_ar": "مرفوض"
  },
  {
    "excuse_id": 61,
    "student_id": 24,
    "parent_id": 162,
    "reason_id": 3,
    "excuse_date_g": "2025-05-27 00:00:00",
    "excuse_date_h": "07-11-1452",
    "submitted_at": "2025-05-27 00:00:00",
    "remarks_en": NaN,
    "remarks_ar": NaN,
    "status_en": "APPROVED",
    "status_ar": "مصدق"
  },
  {
    "excuse_id": 62,
    "student_id": 24,
    "parent_id": 163,
    "reason_id": 3,
    "excuse_date_g": "2025-05-28 00:00:00",
    "excuse_date_h": "08-11-1452",
    "submitted_at": "2025-05-28 00:00:00",
    "remarks_en": NaN,
    "remarks_ar": NaN,
    "status_en": "PENDING",
    "status_ar": "معلق"
  },
  {
    "excuse_id": 63,
    "student_id": 24,
    "parent_id": 165,
    "reason_id": 3,
    "excuse_date_g": "2025-05-29 00:00:00",
    "excuse_date_h": "07-11-1453",
    "submitted_at": "2025-05-29 00:00:00",
    "remarks_en": NaN,
    "remarks_ar": NaN,
    "status_en": "REJECTED",
    "status_ar": "مرفوض"
  },
  {
    "excuse_id": 64,
    "student_id": 24,
    "parent_id": 167,
    "reason_id": 3,
    "excuse_date_g": "2025-05-30 00:00:00",
    "excuse_date_h": "08-11-1453",
    "submitted_at": "2025-05-30 00:00:00",
    "remarks_en": NaN,
    "remarks_ar": NaN,
    "status_en": "APPROVED",
    "status_ar": "مصدق"
  },
  {
    "excuse_id": 65,
    "student_id": 25,
    "parent_id": 169,
    "reason_id": 3,
    "excuse_date_g": "2025-05-15 00:00:00",
    "excuse_date_h": "07-11-1446",
    "submitted_at": "2025-05-15 00:00:00",
    "remarks_en": NaN,
    "remarks_ar": NaN,
    "status_en": "PENDING",
    "status_ar": "معلق"
  },
  {
    "excuse_id": 66,
    "student_id": 25,
    "parent_id": 171,
    "reason_id": 4,
    "excuse_date_g": "2025-05-16 00:00:00",
    "excuse_date_h": "08-11-1446",
    "submitted_at": "2025-05-16 00:00:00",
    "remarks_en": NaN,
    "remarks_ar": NaN,
    "status_en": "REJECTED",
    "status_ar": "مرفوض"
  },
  {
    "excuse_id": 67,
    "student_id": 25,
    "parent_id": 172,
    "reason_id": 4,
    "excuse_date_g": "2025-05-17 00:00:00",
    "excuse_date_h": "07-11-1447",
    "submitted_at": "2025-05-17 00:00:00",
    "remarks_en": NaN,
    "remarks_ar": NaN,
    "status_en": "APPROVED",
    "status_ar": "مصدق"
  },
  {
    "excuse_id": 68,
    "student_id": 25,
    "parent_id": 174,
    "reason_id": 4,
    "excuse_date_g": "2025-05-18 00:00:00",
    "excuse_date_h": "08-11-1447",
    "submitted_at": "2025-05-18 00:00:00",
    "remarks_en": NaN,
    "remarks_ar": NaN,
    "status_en": "PENDING",
    "status_ar": "معلق"
  },
  {
    "excuse_id": 69,
    "student_id": 25,
    "parent_id": 175,
    "reason_id": 4,
    "excuse_date_g": "2025-05-19 00:00:00",
    "excuse_date_h": "07-11-1448",
    "submitted_at": "2025-05-19 00:00:00",
    "remarks_en": NaN,
    "remarks_ar": NaN,
    "status_en": "REJECTED",
    "status_ar": "مرفوض"
  },
  {
    "excuse_id": 70,
    "student_id": 26,
    "parent_id": 178,
    "reason_id": 4,
    "excuse_date_g": "2025-05-20 00:00:00",
    "excuse_date_h": NaN,
    "submitted_at": "2025-05-20 00:00:00",
    "remarks_en": NaN,
    "remarks_ar": NaN,
    "status_en": "APPROVED",
    "status_ar": "مصدق"
  }
]