[
  {
    "parent_id": 1,
    "first_name_en": "Lina Karam Jamil",
    "first_name_ar": "لينا كرم جميل",
    "last_name_en": "Azar",
    "last_name_ar": "عازار",
    "email": "lina.karam48@gmail.com",
    "phone": 563967760,
    "poi_number": 288300211,
    "identity_type": "Iqama",
    "gender": "Female"
  },
  {
    "parent_id": 2,
    "first_name_en": "Abdelrahman Nour Nour",
    "first_name_ar": "عبد الرحمن نور نور",
    "last_name_en": "Abdelrahman",
    "last_name_ar": "عبد الرحمن",
    "email": "abdelrahman.nour78@gmail.com",
    "phone": 594646617,
    "poi_number": 151627302,
    "identity_type": "National_ID",
    "gender": "Male"
  },
  {
    "parent_id": 3,
    "first_name_en": "Khalid Turki Abdullah",
    "first_name_ar": "خالد تركي عبد الله",
    "last_name_en": "Al Saud",
    "last_name_ar": "آل سعود",
    "email": "khalid.turki55@gmail.com",
    "phone": 558273557,
    "poi_number": 291991861,
    "identity_type": "Iqama",
    "gender": "Male"
  },
  {
    "parent_id": 4,
    "first_name_en": "Salma Ismail Abdelrahman",
    "first_name_ar": "سلمى إسماعيل عبد الرحمن",
    "last_name_en": "Ali",
    "last_name_ar": "علي",
    "email": "salma.ismail11@gmail.com",
    "phone": 512518737,
    "poi_number": 299678004,
    "identity_type": "Iqama",
    "gender": "Female"
  },
  {
    "parent_id": 5,
    "first_name_en": "Noura Saud Saud",
    "first_name_ar": "نورة سعود",
    "last_name_en": "Al Saud",
    "last_name_ar": "آل سعود",
    "email": "noura.saud34@gmail.com",
    "phone": 576170002,
    "poi_number": 142026487,
    "identity_type": "National_ID",
    "gender": "Female"
  },
  {
    "parent_id": 6,
    "first_name_en": "Fatima Omar Abdelrahman",
    "first_name_ar": "فاطمة عمر عبد الرحمن",
    "last_name_en": "Ali",
    "last_name_ar": "علي",
    "email": "fatima.omar72@gmail.com",
    "phone": 514637496,
    "poi_number": 283989837,
    "identity_type": "Iqama",
    "gender": "Female"
  },
  {
    "parent_id": 7,
    "first_name_en": "Hassan Youssef Hassan",
    "first_name_ar": "حسن يوسف حسن",
    "last_name_en": "Tawfik",
    "last_name_ar": "توفيق",
    "email": "hassan.youssef80@gmail.com",
    "phone": 578868627,
    "poi_number": 269725416,
    "identity_type": "Iqama",
    "gender": "Male"
  },
  {
    "parent_id": 8,
    "first_name_en": "Noura Abdullah Saud",
    "first_name_ar": "نورة عبدالله سعود",
    "last_name_en": "Al Qahtani",
    "last_name_ar": "القحطاني",
    "email": "noura.abdullah33@gmail.com",
    "phone": 504425482,
    "poi_number": 273958907,
    "identity_type": "Iqama",
    "gender": "Female"
  },
  {
    "parent_id": 9,
    "first_name_en": "Turki Fahad Fahad",
    "first_name_ar": "تركي فهد فهد",
    "last_name_en": "Al Saud",
    "last_name_ar": "آل سعود",
    "email": "turki.fahad20@gmail.com",
    "phone": 593861517,
    "poi_number": 280407122,
    "identity_type": "Iqama",
    "gender": "Male"
  },
  {
    "parent_id": 10,
    "first_name_en": "Youssef Youssef Hassan",
    "first_name_ar": "يوسف يوسف حسن",
    "last_name_en": "Mahmoud",
    "last_name_ar": "محمود",
    "email": "youssef.youssef84@gmail.com",
    "phone": 536938170,
    "poi_number": 276123086,
    "identity_type": "Iqama",
    "gender": "Male"
  },
  {
    "parent_id": 11,
    "first_name_en": "Mostafa Ahmed Hassan",
    "first_name_ar": "مصطفى أحمد حسن",
    "last_name_en": "Ibrahim",
    "last_name_ar": "ابراهيم",
    "email": "mostafa.ahmed34@gmail.com",
    "phone": 532619689,
    "poi_number": 146378099,
    "identity_type": "National_ID",
    "gender": "Male"
  },
  {
    "parent_id": 12,
    "first_name_en": "Saud Fahad Abdullah",
    "first_name_ar": "سعود فهد عبد الله",
    "last_name_en": "Al Saud",
    "last_name_ar": "آل سعود",
    "email": "saud.fahad22@gmail.com",
    "phone": 519643903,
    "poi_number": 116071213,
    "identity_type": "National_ID",
    "gender": "Male"
  },
  {
    "parent_id": 13,
    "first_name_en": "Fahad Fahad Khalid",
    "first_name_ar": "فهد فهد خالد",
    "last_name_en": "Al Saud",
    "last_name_ar": "آل سعود",
    "email": "fahad.fahad60@gmail.com",
    "phone": 512285197,
    "poi_number": 225575449,
    "identity_type": "Iqama",
    "gender": "Male"
  },
  {
    "parent_id": 14,
    "first_name_en": "Fahad Khalid Turki",
    "first_name_ar": "فهد خالد تركي",
    "last_name_en": "Al Harbi",
    "last_name_ar": "الحربي",
    "email": "fahad.khalid36@gmail.com",
    "phone": 597597122,
    "poi_number": 113057825,
    "identity_type": "National_ID",
    "gender": "Male"
  },
  {
    "parent_id": 15,
    "first_name_en": "Rami Bassel Bassel",
    "first_name_ar": "رامي باسل باسل",
    "last_name_en": "Jaber",
    "last_name_ar": "جابر",
    "email": "rami.bassel54@gmail.com",
    "phone": 558528143,
    "poi_number": 118192977,
    "identity_type": "National_ID",
    "gender": "Male"
  },
  {
    "parent_id": 16,
    "first_name_en": "Jamil Nader Karam",
    "first_name_ar": "جميل نادر كرم",
    "last_name_en": "Jaber",
    "last_name_ar": "جابر",
    "email": "jamil.nader55@gmail.com",
    "phone": 598193462,
    "poi_number": 286473039,
    "identity_type": "Iqama",
    "gender": "Male"
  },
  {
    "parent_id": 17,
    "first_name_en": "Ismail Omar Nour",
    "first_name_ar": "إسماعيل عمر نور",
    "last_name_en": "Hassan",
    "last_name_ar": "حسن",
    "email": "ismail.omar53@gmail.com",
    "phone": 571064827,
    "poi_number": 225732041,
    "identity_type": "Iqama",
    "gender": "Male"
  },
  {
    "parent_id": 18,
    "first_name_en": "Bassel Nader Rami",
    "first_name_ar": "باسل نادر رامي",
    "last_name_en": "Kanaan",
    "last_name_ar": "كنعان",
    "email": "bassel.nader49@gmail.com",
    "phone": 587098378,
    "poi_number": 262162678,
    "identity_type": "Iqama",
    "gender": "Male"
  },
  {
    "parent_id": 19,
    "first_name_en": "Hassan Ahmed Tarek",
    "first_name_ar": "حسن أحمد طارق",
    "last_name_en": "Ibrahim",
    "last_name_ar": "ابراهيم",
    "email": "hassan.ahmed15@gmail.com",
    "phone": 573057326,
    "poi_number": 228097597,
    "identity_type": "Iqama",
    "gender": "Male"
  },
  {
    "parent_id": 20,
    "first_name_en": "Najat Nour Nour",
    "first_name_ar": "نجاة نور نور",
    "last_name_en": "Ali",
    "last_name_ar": "علي",
    "email": "najat.nour91@gmail.com",
    "phone": 583359523,
    "poi_number": 151647436,
    "identity_type": "National_ID",
    "gender": "Female"
  },
  {
    "parent_id": 21,
    "first_name_en": "Lina Bassel Bassel",
    "first_name_ar": "لينا باسل باسل",
    "last_name_en": "Jaber",
    "last_name_ar": "جابر",
    "email": "lina.bassel30@gmail.com",
    "phone": 532133866,
    "poi_number": 195550299,
    "identity_type": "National_ID",
    "gender": "Female"
  },
  {
    "parent_id": 22,
    "first_name_en": "Diala Rami Bassel",
    "first_name_ar": "ديالا رامي باسل",
    "last_name_en": "Kanaan",
    "last_name_ar": "كنعان",
    "email": "diala.rami63@gmail.com",
    "phone": 588878427,
    "poi_number": 132236518,
    "identity_type": "National_ID",
    "gender": "Female"
  },
  {
    "parent_id": 23,
    "first_name_en": "Karam Bassel Jamil",
    "first_name_ar": "كرم باسل جميل",
    "last_name_en": "Azar",
    "last_name_ar": "عازار",
    "email": "karam.bassel81@gmail.com",
    "phone": 581064472,
    "poi_number": 115222436,
    "identity_type": "National_ID",
    "gender": "Male"
  },
  {
    "parent_id": 24,
    "first_name_en": "Samar Rami Bassel",
    "first_name_ar": "سمر رامي باسل",
    "last_name_en": "Azar",
    "last_name_ar": "عازار",
    "email": "samar.rami34@gmail.com",
    "phone": 573626753,
    "poi_number": 127518332,
    "identity_type": "National_ID",
    "gender": "Female"
  },
  {
    "parent_id": 25,
    "first_name_en": "Abeer Saud Saud",
    "first_name_ar": "عبير سعود",
    "last_name_en": "Al Saud",
    "last_name_ar": "آل سعود",
    "email": "abeer.saud96@gmail.com",
    "phone": 570913396,
    "poi_number": 135563099,
    "identity_type": "National_ID",
    "gender": "Female"
  },
  {
    "parent_id": 26,
    "first_name_en": "Khalid Saud Khalid",
    "first_name_ar": "خالد سعود خالد",
    "last_name_en": "Al Saud",
    "last_name_ar": "آل سعود",
    "email": "khalid.saud70@gmail.com",
    "phone": 553243659,
    "poi_number": 112932053,
    "identity_type": "National_ID",
    "gender": "Male"
  },
  {
    "parent_id": 27,
    "first_name_en": "Mona Youssef Ahmed",
    "first_name_ar": "منى يوسف أحمد",
    "last_name_en": "Tawfik",
    "last_name_ar": "توفيق",
    "email": "mona.youssef93@gmail.com",
    "phone": 586562471,
    "poi_number": 225449714,
    "identity_type": "Iqama",
    "gender": "Female"
  },
  {
    "parent_id": 28,
    "first_name_en": "Fatima Omar Abdelrahman",
    "first_name_ar": "فاطمة عمر عبد الرحمن",
    "last_name_en": "Abdelrahman",
    "last_name_ar": "عبد الرحمن",
    "email": "fatima.omar81@gmail.com",
    "phone": 542240094,
    "poi_number": 286164237,
    "identity_type": "Iqama",
    "gender": "Female"
  },
  {
    "parent_id": 29,
    "first_name_en": "Abeer Turki Saud",
    "first_name_ar": "عبير تركي سعود",
    "last_name_en": "Al Mutairi",
    "last_name_ar": "المطيري",
    "email": "abeer.turki32@gmail.com",
    "phone": 527896363,
    "poi_number": 288802651,
    "identity_type": "Iqama",
    "gender": "Female"
  },
  {
    "parent_id": 30,
    "first_name_en": "Ahmed Mostafa Mostafa",
    "first_name_ar": "أحمد مصطفى مصطفى",
    "last_name_en": "Ibrahim",
    "last_name_ar": "ابراهيم",
    "email": "ahmed.mostafa21@gmail.com",
    "phone": 545399947,
    "poi_number": 115530166,
    "identity_type": "National_ID",
    "gender": "Male"
  },
  {
    "parent_id": 31,
    "first_name_en": "Ahmed Hassan Mostafa",
    "first_name_ar": "أحمد حسن مصطفى",
    "last_name_en": "Tawfik",
    "last_name_ar": "توفيق",
    "email": "ahmed.hassan26@gmail.com",
    "phone": 539380421,
    "poi_number": 174164753,
    "identity_type": "National_ID",
    "gender": "Male"
  },
  {
    "parent_id": 32,
    "first_name_en": "Abdelrahman Ismail Nour",
    "first_name_ar": "عبد الرحمن إسماعيل نور",
    "last_name_en": "Abdelrahman",
    "last_name_ar": "عبد الرحمن",
    "email": "abdelrahman.ismail61@gmail.com",
    "phone": 544093303,
    "poi_number": 265662992,
    "identity_type": "Iqama",
    "gender": "Male"
  },
  {
    "parent_id": 33,
    "first_name_en": "Abdullah Abdullah Saud",
    "first_name_ar": "عبدالله عبدالله سعود",
    "last_name_en": "Al Otaibi",
    "last_name_ar": "العتيبي",
    "email": "abdullah.abdullah25@gmail.com",
    "phone": 564301904,
    "poi_number": 176804796,
    "identity_type": "National_ID",
    "gender": "Male"
  },
  {
    "parent_id": 34,
    "first_name_en": "Karam Nader Rami",
    "first_name_ar": "كرم نادر رامي",
    "last_name_en": "Khoury",
    "last_name_ar": "خوري",
    "email": "karam.nader90@gmail.com",
    "phone": 575764214,
    "poi_number": 295748823,
    "identity_type": "Iqama",
    "gender": "Male"
  },
  {
    "parent_id": 35,
    "first_name_en": "Khalid Fahad Saud",
    "first_name_ar": "خالد فهد سعود",
    "last_name_en": "Al Harbi",
    "last_name_ar": "الحربي",
    "email": "khalid.fahad11@gmail.com",
    "phone": 513163606,
    "poi_number": 284688757,
    "identity_type": "Iqama",
    "gender": "Male"
  },
  {
    "parent_id": 36,
    "first_name_en": "Rania Tarek Tarek",
    "first_name_ar": "رانيا طارق طارق",
    "last_name_en": "Farid",
    "last_name_ar": "فريد",
    "email": "rania.tarek64@gmail.com",
    "phone": 511229090,
    "poi_number": 239546403,
    "identity_type": "Iqama",
    "gender": "Female"
  },
  {
    "parent_id": 37,
    "first_name_en": "Hassan Mostafa Ahmed",
    "first_name_ar": "حسن مصطفى أحمد",
    "last_name_en": "El Sayed",
    "last_name_ar": "السيد",
    "email": "hassan.mostafa77@gmail.com",
    "phone": 560614308,
    "poi_number": 125959868,
    "identity_type": "National_ID",
    "gender": "Male"
  },
  {
    "parent_id": 38,
    "first_name_en": "Samar Karam Bassel",
    "first_name_ar": "سمر كرم باسل",
    "last_name_en": "Khoury",
    "last_name_ar": "خوري",
    "email": "samar.karam89@gmail.com",
    "phone": 519643367,
    "poi_number": 136571089,
    "identity_type": "National_ID",
    "gender": "Female"
  },
  {
    "parent_id": 39,
    "first_name_en": "Samar Jamil Bassel",
    "first_name_ar": "سمر جميل باسل",
    "last_name_en": "Kanaan",
    "last_name_ar": "كنعان",
    "email": "samar.jamil72@gmail.com",
    "phone": 519918181,
    "poi_number": 295679704,
    "identity_type": "Iqama",
    "gender": "Female"
  },
  {
    "parent_id": 40,
    "first_name_en": "Samar Rami Rami",
    "first_name_ar": "سمر رامي رامي",
    "last_name_en": "Khoury",
    "last_name_ar": "خوري",
    "email": "samar.rami79@gmail.com",
    "phone": 581842025,
    "poi_number": 111302537,
    "identity_type": "National_ID",
    "gender": "Female"
  },
  {
    "parent_id": 41,
    "first_name_en": "Samah Ahmed Ahmed",
    "first_name_ar": "سماح أحمد أحمد",
    "last_name_en": "Ibrahim",
    "last_name_ar": "ابراهيم",
    "email": "samah.ahmed87@gmail.com",
    "phone": 520925263,
    "poi_number": 288241980,
    "identity_type": "Iqama",
    "gender": "Female"
  },
  {
    "parent_id": 42,
    "first_name_en": "Mona Tarek Hassan",
    "first_name_ar": "منى طارق حسن",
    "last_name_en": "El Sayed",
    "last_name_ar": "السيد",
    "email": "mona.tarek18@gmail.com",
    "phone": 530211156,
    "poi_number": 115453538,
    "identity_type": "National_ID",
    "gender": "Female"
  },
  {
    "parent_id": 43,
    "first_name_en": "Tarek Hassan Youssef",
    "first_name_ar": "طارق حسن يوسف",
    "last_name_en": "Farid",
    "last_name_ar": "فريد",
    "email": "tarek.hassan93@gmail.com",
    "phone": 561838817,
    "poi_number": 277779911,
    "identity_type": "Iqama",
    "gender": "Male"
  },
  {
    "parent_id": 44,
    "first_name_en": "Jamil Nader Rami",
    "first_name_ar": "جميل نادر رامي",
    "last_name_en": "Kanaan",
    "last_name_ar": "كنعان",
    "email": "jamil.nader19@gmail.com",
    "phone": 557225966,
    "poi_number": 148878062,
    "identity_type": "National_ID",
    "gender": "Male"
  },
  {
    "parent_id": 45,
    "first_name_en": "Hala Nader Karam",
    "first_name_ar": "هالة نادر كرم",
    "last_name_en": "Haddad",
    "last_name_ar": "حداد",
    "email": "hala.nader94@gmail.com",
    "phone": 500032305,
    "poi_number": 150593084,
    "identity_type": "National_ID",
    "gender": "Female"
  },
  {
    "parent_id": 46,
    "first_name_en": "Mona Hassan Mostafa",
    "first_name_ar": "منى حسن مصطفى",
    "last_name_en": "Ibrahim",
    "last_name_ar": "ابراهيم",
    "email": "mona.hassan62@gmail.com",
    "phone": 551561045,
    "poi_number": 218356229,
    "identity_type": "Iqama",
    "gender": "Female"
  },
  {
    "parent_id": 47,
    "first_name_en": "Abdelrahman Nour Abdelrahman",
    "first_name_ar": "عبد الرحمن نور عبد الرحمن",
    "last_name_en": "Ibrahim",
    "last_name_ar": "ابراهيم",
    "email": "abdelrahman.nour71@gmail.com",
    "phone": 556085031,
    "poi_number": 176012433,
    "identity_type": "National_ID",
    "gender": "Male"
  },
  {
    "parent_id": 48,
    "first_name_en": "Khalid Saud Fahad",
    "first_name_ar": "خالد سعود فهد",
    "last_name_en": "Al Harbi",
    "last_name_ar": "الحربي",
    "email": "khalid.saud59@gmail.com",
    "phone": 561590144,
    "poi_number": 123620483,
    "identity_type": "National_ID",
    "gender": "Male"
  },
  {
    "parent_id": 49,
    "first_name_en": "Bassel Jamil Bassel",
    "first_name_ar": "باسل جميل باسل",
    "last_name_en": "Jaber",
    "last_name_ar": "جابر",
    "email": "bassel.jamil23@gmail.com",
    "phone": 593963105,
    "poi_number": 236168916,
    "identity_type": "Iqama",
    "gender": "Male"
  },
  {
    "parent_id": 50,
    "first_name_en": "Lina Rami Nader",
    "first_name_ar": "لينا رامي نادر",
    "last_name_en": "Azar",
    "last_name_ar": "عازار",
    "email": "lina.rami88@gmail.com",
    "phone": 584867565,
    "poi_number": 297304898,
    "identity_type": "Iqama",
    "gender": "Female"
  },
  {
    "parent_id": 51,
    "first_name_en": "Maha Khalid Saud",
    "first_name_ar": "مها خالد سعود",
    "last_name_en": "Al Otaibi",
    "last_name_ar": "العتيبي",
    "email": "maha.khalid97@gmail.com",
    "phone": 516314487,
    "poi_number": 115125024,
    "identity_type": "National_ID",
    "gender": "Female"
  },
  {
    "parent_id": 52,
    "first_name_en": "Samar Nader Jamil",
    "first_name_ar": "سمر نادر جميل",
    "last_name_en": "Haddad",
    "last_name_ar": "حداد",
    "email": "samar.nader15@gmail.com",
    "phone": 505366115,
    "poi_number": 244277372,
    "identity_type": "Iqama",
    "gender": "Female"
  },
  {
    "parent_id": 53,
    "first_name_en": "Saud Turki Khalid",
    "first_name_ar": "سعود تركي خالد",
    "last_name_en": "Al Mutairi",
    "last_name_ar": "المطيري",
    "email": "saud.turki99@gmail.com",
    "phone": 570291372,
    "poi_number": 278062712,
    "identity_type": "Iqama",
    "gender": "Male"
  },
  {
    "parent_id": 54,
    "first_name_en": "Ahmed Youssef Hassan",
    "first_name_ar": "أحمد يوسف حسن",
    "last_name_en": "El Sayed",
    "last_name_ar": "السيد",
    "email": "ahmed.youssef23@gmail.com",
    "phone": 555786417,
    "poi_number": 123315873,
    "identity_type": "National_ID",
    "gender": "Male"
  },
  {
    "parent_id": 55,
    "first_name_en": "Nader Bassel Jamil",
    "first_name_ar": "نادر باسل جميل",
    "last_name_en": "Azar",
    "last_name_ar": "عازار",
    "email": "nader.bassel13@gmail.com",
    "phone": 566655848,
    "poi_number": 243901509,
    "identity_type": "Iqama",
    "gender": "Male"
  },
  {
    "parent_id": 56,
    "first_name_en": "Huda Fahad Turki",
    "first_name_ar": "هدى فهد تركي",
    "last_name_en": "Al Otaibi",
    "last_name_ar": "العتيبي",
    "email": "huda.fahad54@gmail.com",
    "phone": 523878362,
    "poi_number": 140936318,
    "identity_type": "National_ID",
    "gender": "Female"
  },
  {
    "parent_id": 57,
    "first_name_en": "Hassan Ahmed Ahmed",
    "first_name_ar": "حسن أحمد أحمد",
    "last_name_en": "El Sayed",
    "last_name_ar": "السيد",
    "email": "hassan.ahmed10@gmail.com",
    "phone": 539361087,
    "poi_number": 213308468,
    "identity_type": "Iqama",
    "gender": "Male"
  },
  {
    "parent_id": 58,
    "first_name_en": "Omar Omar Abdelrahman",
    "first_name_ar": "عمر عمر عبد الرحمن",
    "last_name_en": "Abdelrahman",
    "last_name_ar": "عبد الرحمن",
    "email": "omar.omar26@gmail.com",
    "phone": 503749538,
    "poi_number": 158619012,
    "identity_type": "National_ID",
    "gender": "Male"
  },
  {
    "parent_id": 59,
    "first_name_en": "Samah Mostafa Youssef",
    "first_name_ar": "سماح مصطفى يوسف",
    "last_name_en": "Tawfik",
    "last_name_ar": "توفيق",
    "email": "samah.mostafa91@gmail.com",
    "phone": 543887068,
    "poi_number": 189593715,
    "identity_type": "National_ID",
    "gender": "Female"
  },
  {
    "parent_id": 60,
    "first_name_en": "Abdullah Saud Saud",
    "first_name_ar": "عبدالله سعود سعود",
    "last_name_en": "Al Qahtani",
    "last_name_ar": "القحطاني",
    "email": "abdullah.saud26@gmail.com",
    "phone": 529906048,
    "poi_number": 278227226,
    "identity_type": "Iqama",
    "gender": "Male"
  },
  {
    "parent_id": 61,
    "first_name_en": "Nour Abdelrahman Mohamed",
    "first_name_ar": "نور عبد الرحمن محمد",
    "last_name_en": "Ibrahim",
    "last_name_ar": "ابراهيم",
    "email": "nour.abdelrahman26@gmail.com",
    "phone": 580692801,
    "poi_number": 162855098,
    "identity_type": "National_ID",
    "gender": "Male"
  },
  {
    "parent_id": 62,
    "first_name_en": "Fahad Saud Abdullah",
    "first_name_ar": "فهد سعود عبدالله",
    "last_name_en": "Al Qahtani",
    "last_name_ar": "القحطاني",
    "email": "fahad.saud85@gmail.com",
    "phone": 556665214,
    "poi_number": 295492134,
    "identity_type": "Iqama",
    "gender": "Male"
  },
  {
    "parent_id": 63,
    "first_name_en": "Mostafa Tarek Tarek",
    "first_name_ar": "مصطفى طارق طارق",
    "last_name_en": "Tawfik",
    "last_name_ar": "توفيق",
    "email": "mostafa.tarek17@gmail.com",
    "phone": 550523814,
    "poi_number": 211131134,
    "identity_type": "Iqama",
    "gender": "Male"
  },
  {
    "parent_id": 64,
    "first_name_en": "Hala Karam Karam",
    "first_name_ar": "هالة كرم كرم",
    "last_name_en": "Azar",
    "last_name_ar": "عازار",
    "email": "hala.karam21@gmail.com",
    "phone": 524891778,
    "poi_number": 147174317,
    "identity_type": "National_ID",
    "gender": "Female"
  },
  {
    "parent_id": 65,
    "first_name_en": "Turki Abdullah Saud",
    "first_name_ar": "تركي عبد الله سعود",
    "last_name_en": "Al Harbi",
    "last_name_ar": "الحربي",
    "email": "turki.abdullah65@gmail.com",
    "phone": 523452830,
    "poi_number": 170860630,
    "identity_type": "National_ID",
    "gender": "Male"
  },
  {
    "parent_id": 66,
    "first_name_en": "Mostafa Tarek Ahmed",
    "first_name_ar": "مصطفى طارق أحمد",
    "last_name_en": "Farid",
    "last_name_ar": "فريد",
    "email": "mostafa.tarek47@gmail.com",
    "phone": 500247384,
    "poi_number": 293045275,
    "identity_type": "Iqama",
    "gender": "Male"
  },
  {
    "parent_id": 67,
    "first_name_en": "Karam Bassel Rami",
    "first_name_ar": "كرم باسل رامي",
    "last_name_en": "Jaber",
    "last_name_ar": "جابر",
    "email": "karam.bassel79@gmail.com",
    "phone": 581760142,
    "poi_number": 166936377,
    "identity_type": "National_ID",
    "gender": "Male"
  },
  {
    "parent_id": 68,
    "first_name_en": "Nader Nader Karam",
    "first_name_ar": "نادر نادر كرم",
    "last_name_en": "Azar",
    "last_name_ar": "عازار",
    "email": "nader.nader45@gmail.com",
    "phone": 584834408,
    "poi_number": 126217744,
    "identity_type": "National_ID",
    "gender": "Male"
  },
  {
    "parent_id": 69,
    "first_name_en": "Ahmed Mostafa Youssef",
    "first_name_ar": "أحمد مصطفى يوسف",
    "last_name_en": "Mahmoud",
    "last_name_ar": "محمود",
    "email": "ahmed.mostafa66@gmail.com",
    "phone": 513694466,
    "poi_number": 257489189,
    "identity_type": "Iqama",
    "gender": "Male"
  },
  {
    "parent_id": 70,
    "first_name_en": "Hassan Ahmed Tarek",
    "first_name_ar": "حسن أحمد طارق",
    "last_name_en": "Ibrahim",
    "last_name_ar": "ابراهيم",
    "email": "hassan.ahmed78@gmail.com",
    "phone": 545619318,
    "poi_number": 181160284,
    "identity_type": "National_ID",
    "gender": "Male"
  },
  {
    "parent_id": 71,
    "first_name_en": "Omar Ismail Abdelrahman",
    "first_name_ar": "عمر إسماعيل عبد الرحمن",
    "last_name_en": "Hassan",
    "last_name_ar": "حسن",
    "email": "omar.ismail83@gmail.com",
    "phone": 570203922,
    "poi_number": 181320053,
    "identity_type": "National_ID",
    "gender": "Male"
  },
  {
    "parent_id": 72,
    "first_name_en": "Latifa Abdullah Turki",
    "first_name_ar": "لطيفة عبد الله تركي",
    "last_name_en": "Al Otaibi",
    "last_name_ar": "العتيبي",
    "email": "latifa.abdullah47@gmail.com",
    "phone": 559373173,
    "poi_number": 286266934,
    "identity_type": "Iqama",
    "gender": "Female"
  },
  {
    "parent_id": 73,
    "first_name_en": "Omar Omar Mohamed",
    "first_name_ar": "عمر عمر محمد",
    "last_name_en": "Mustafa",
    "last_name_ar": "مصطفى",
    "email": "omar.omar27@gmail.com",
    "phone": 575110005,
    "poi_number": 257520841,
    "identity_type": "Iqama",
    "gender": "Male"
  },
  {
    "parent_id": 74,
    "first_name_en": "Rima Jamil Nader",
    "first_name_ar": "ريما جميل نادر",
    "last_name_en": "Jaber",
    "last_name_ar": "جابر",
    "email": "rima.jamil73@gmail.com",
    "phone": 587517270,
    "poi_number": 169590222,
    "identity_type": "National_ID",
    "gender": "Female"
  },
  {
    "parent_id": 75,
    "first_name_en": "Tarek Ahmed Tarek",
    "first_name_ar": "طارق أحمد طارق",
    "last_name_en": "El Sayed",
    "last_name_ar": "السيد",
    "email": "tarek.ahmed55@gmail.com",
    "phone": 563287533,
    "poi_number": 211356953,
    "identity_type": "Iqama",
    "gender": "Male"
  },
  {
    "parent_id": 76,
    "first_name_en": "Turki Turki Turki",
    "first_name_ar": "تركي تركي تركي",
    "last_name_en": "Al Saud",
    "last_name_ar": "آل سعود",
    "email": "turki.turki56@gmail.com",
    "phone": 505526799,
    "poi_number": 193332674,
    "identity_type": "National_ID",
    "gender": "Male"
  },
  {
    "parent_id": 77,
    "first_name_en": "Noura Turki Saud",
    "first_name_ar": "نورة تركي سعود",
    "last_name_en": "Al Mutairi",
    "last_name_ar": "المطيري",
    "email": "noura.turki46@gmail.com",
    "phone": 525663012,
    "poi_number": 168253032,
    "identity_type": "National_ID",
    "gender": "Female"
  },
  {
    "parent_id": 78,
    "first_name_en": "Hala Bassel Jamil",
    "first_name_ar": "هالة باسل جميل",
    "last_name_en": "Azar",
    "last_name_ar": "عازار",
    "email": "hala.bassel28@gmail.com",
    "phone": 560034501,
    "poi_number": 180351815,
    "identity_type": "National_ID",
    "gender": "Female"
  },
  {
    "parent_id": 79,
    "first_name_en": "Mostafa Ahmed Mostafa",
    "first_name_ar": "مصطفى أحمد مصطفى",
    "last_name_en": "Mahmoud",
    "last_name_ar": "محمود",
    "email": "mostafa.ahmed64@gmail.com",
    "phone": 566029555,
    "poi_number": 239549310,
    "identity_type": "Iqama",
    "gender": "Male"
  },
  {
    "parent_id": 80,
    "first_name_en": "Amna Mohamed Omar",
    "first_name_ar": "آمنة محمد عمر",
    "last_name_en": "Mustafa",
    "last_name_ar": "مصطفى",
    "email": "amna.mohamed14@gmail.com",
    "phone": 531410875,
    "poi_number": 135065948,
    "identity_type": "National_ID",
    "gender": "Female"
  },
  {
    "parent_id": 81,
    "first_name_en": "Tarek Tarek Mostafa",
    "first_name_ar": "طارق طارق مصطفى",
    "last_name_en": "Ibrahim",
    "last_name_ar": "ابراهيم",
    "email": "tarek.tarek88@gmail.com",
    "phone": 511627235,
    "poi_number": 257388398,
    "identity_type": "Iqama",
    "gender": "Male"
  },
  {
    "parent_id": 82,
    "first_name_en": "Lina Nader Jamil",
    "first_name_ar": "لينا نادر جميل",
    "last_name_en": "Kanaan",
    "last_name_ar": "كنعان",
    "email": "lina.nader65@gmail.com",
    "phone": 577975149,
    "poi_number": 275793807,
    "identity_type": "Iqama",
    "gender": "Female"
  },
  {
    "parent_id": 83,
    "first_name_en": "Nihal Mostafa Ahmed",
    "first_name_ar": "نهال مصطفى أحمد",
    "last_name_en": "El Sayed",
    "last_name_ar": "السيد",
    "email": "nihal.mostafa30@gmail.com",
    "phone": 546949661,
    "poi_number": 148897598,
    "identity_type": "National_ID",
    "gender": "Female"
  },
  {
    "parent_id": 84,
    "first_name_en": "Fahad Abdullah Saud",
    "first_name_ar": "فهد عبد الله سعود",
    "last_name_en": "Al Mutairi",
    "last_name_ar": "المطيري",
    "email": "fahad.abdullah60@gmail.com",
    "phone": 574862420,
    "poi_number": 170895143,
    "identity_type": "National_ID",
    "gender": "Male"
  },
  {
    "parent_id": 85,
    "first_name_en": "Rasha Omar Ismail",
    "first_name_ar": "رشا عمر إسماعيل",
    "last_name_en": "Abdelrahman",
    "last_name_ar": "عبد الرحمن",
    "email": "rasha.omar51@gmail.com",
    "phone": 571927435,
    "poi_number": 253640017,
    "identity_type": "Iqama",
    "gender": "Female"
  },
  {
    "parent_id": 86,
    "first_name_en": "Hassan Ahmed Ahmed",
    "first_name_ar": "حسن أحمد أحمد",
    "last_name_en": "Tawfik",
    "last_name_ar": "توفيق",
    "email": "hassan.ahmed54@gmail.com",
    "phone": 525204080,
    "poi_number": 143725836,
    "identity_type": "National_ID",
    "gender": "Male"
  },
  {
    "parent_id": 87,
    "first_name_en": "Dina Youssef Mostafa",
    "first_name_ar": "دينا يوسف مصطفى",
    "last_name_en": "Ibrahim",
    "last_name_ar": "ابراهيم",
    "email": "dina.youssef40@gmail.com",
    "phone": 505973078,
    "poi_number": 284084666,
    "identity_type": "Iqama",
    "gender": "Female"
  },
  {
    "parent_id": 88,
    "first_name_en": "Abdullah Turki Fahad",
    "first_name_ar": "عبد الله تركي فهد",
    "last_name_en": "Al Harbi",
    "last_name_ar": "الحربي",
    "email": "abdullah.turki73@gmail.com",
    "phone": 561808830,
    "poi_number": 225854286,
    "identity_type": "Iqama",
    "gender": "Male"
  },
  {
    "parent_id": 89,
    "first_name_en": "Saud Khalid Fahad",
    "first_name_ar": "سعود خالد فهد",
    "last_name_en": "Al Qahtani",
    "last_name_ar": "القحطاني",
    "email": "saud.khalid66@gmail.com",
    "phone": 582242811,
    "poi_number": 167302324,
    "identity_type": "National_ID",
    "gender": "Male"
  },
  {
    "parent_id": 90,
    "first_name_en": "Rami Karam Karam",
    "first_name_ar": "رامي كرم كرم",
    "last_name_en": "Jaber",
    "last_name_ar": "جابر",
    "email": "rami.karam55@gmail.com",
    "phone": 542895582,
    "poi_number": 224399599,
    "identity_type": "Iqama",
    "gender": "Male"
  },
  {
    "parent_id": 91,
    "first_name_en": "Tarek Tarek Hassan",
    "first_name_ar": "طارق طارق حسن",
    "last_name_en": "Mahmoud",
    "last_name_ar": "محمود",
    "email": "tarek.tarek78@gmail.com",
    "phone": 585141860,
    "poi_number": 246580534,
    "identity_type": "Iqama",
    "gender": "Male"
  },
  {
    "parent_id": 92,
    "first_name_en": "Omar Nour Omar",
    "first_name_ar": "عمر نور عمر",
    "last_name_en": "Mustafa",
    "last_name_ar": "مصطفى",
    "email": "omar.nour41@gmail.com",
    "phone": 529268149,
    "poi_number": 298532804,
    "identity_type": "Iqama",
    "gender": "Male"
  },
  {
    "parent_id": 93,
    "first_name_en": "Huda Fahad Turki",
    "first_name_ar": "هدى فهد تركي",
    "last_name_en": "Al Saud",
    "last_name_ar": "آل سعود",
    "email": "huda.fahad82@gmail.com",
    "phone": 548171368,
    "poi_number": 183368443,
    "identity_type": "National_ID",
    "gender": "Female"
  },
  {
    "parent_id": 94,
    "first_name_en": "Tarek Youssef Ahmed",
    "first_name_ar": "طارق يوسف أحمد",
    "last_name_en": "Ibrahim",
    "last_name_ar": "ابراهيم",
    "email": "tarek.youssef96@gmail.com",
    "phone": 543930720,
    "poi_number": 160089642,
    "identity_type": "National_ID",
    "gender": "Male"
  },
  {
    "parent_id": 95,
    "first_name_en": "Diala Bassel Rami",
    "first_name_ar": "ديالا باسل رامي",
    "last_name_en": "Kanaan",
    "last_name_ar": "كنعان",
    "email": "diala.bassel74@gmail.com",
    "phone": 544007940,
    "poi_number": 288575211,
    "identity_type": "Iqama",
    "gender": "Female"
  },
  {
    "parent_id": 96,
    "first_name_en": "Khalid Fahad Fahad",
    "first_name_ar": "خالد فهد فهد",
    "last_name_en": "Al Saud",
    "last_name_ar": "آل سعود",
    "email": "khalid.fahad27@gmail.com",
    "phone": 527716529,
    "poi_number": 286436732,
    "identity_type": "Iqama",
    "gender": "Male"
  },
  {
    "parent_id": 97,
    "first_name_en": "Nour Ismail Nour",
    "first_name_ar": "نور إسماعيل نور",
    "last_name_en": "Abdelrahman",
    "last_name_ar": "عبد الرحمن",
    "email": "nour.ismail87@gmail.com",
    "phone": 579326442,
    "poi_number": 194421522,
    "identity_type": "National_ID",
    "gender": "Male"
  },
  {
    "parent_id": 98,
    "first_name_en": "Nader Bassel Jamil",
    "first_name_ar": "نادر باسل جميل",
    "last_name_en": "Azar",
    "last_name_ar": "عازار",
    "email": "nader.bassel68@gmail.com",
    "phone": 541432912,
    "poi_number": 139537777,
    "identity_type": "National_ID",
    "gender": "Male"
  },
  {
    "parent_id": 99,
    "first_name_en": "Salma Mohamed Nour",
    "first_name_ar": "سلمى محمد نور",
    "last_name_en": "Ibrahim",
    "last_name_ar": "ابراهيم",
    "email": "salma.mohamed43@gmail.com",
    "phone": 518447458,
    "poi_number": 235644528,
    "identity_type": "Iqama",
    "gender": "Female"
  },
  {
    "parent_id": 100,
    "first_name_en": "Rania Youssef Mostafa",
    "first_name_ar": "رانيا يوسف مصطفى",
    "last_name_en": "Ibrahim",
    "last_name_ar": "ابراهيم",
    "email": "rania.youssef41@gmail.com",
    "phone": 546058876,
    "poi_number": 299715516,
    "identity_type": "Iqama",
    "gender": "Female"
  }
]