[
  {
    "absence_id": 1001,
    "student_id": 437,
    "date_g": "2025-05-20 00:00:00",
    "date_h": "21-11-1446",
    "created_at": "2025-05-20 00:00:00"
  },
  {
    "absence_id": 1002,
    "student_id": 437,
    "date_g": "2025-05-27 00:00:00",
    "date_h": "28-11-1446",
    "created_at": "2025-05-27 00:00:00"
  },
  {
    "absence_id": 1003,
    "student_id": 438,
    "date_g": "2025-05-11 00:00:00",
    "date_h": "12-11-1446",
    "created_at": "2025-05-11 00:00:00"
  },
  {
    "absence_id": 1004,
    "student_id": 438,
    "date_g": "2025-05-13 00:00:00",
    "date_h": "14-11-1446",
    "created_at": "2025-05-13 00:00:00"
  },
  {
    "absence_id": 1005,
    "student_id": 438,
    "date_g": "2025-05-14 00:00:00",
    "date_h": "15-11-1446",
    "created_at": "2025-05-14 00:00:00"
  },
  {
    "absence_id": 1006,
    "student_id": 438,
    "date_g": "2025-05-22 00:00:00",
    "date_h": "23-11-1446",
    "created_at": "2025-05-22 00:00:00"
  },
  {
    "absence_id": 1007,
    "student_id": 438,
    "date_g": "2025-05-26 00:00:00",
    "date_h": "27-11-1446",
    "created_at": "2025-05-26 00:00:00"
  },
  {
    "absence_id": 1008,
    "student_id": 438,
    "date_g": "2025-05-27 00:00:00",
    "date_h": "28-11-1446",
    "created_at": "2025-05-27 00:00:00"
  },
  {
    "absence_id": 1009,
    "student_id": 438,
    "date_g": "2025-05-29 00:00:00",
    "date_h": "30-11-1446",
    "created_at": "2025-05-29 00:00:00"
  },
  {
    "absence_id": 1010,
    "student_id": 441,
    "date_g": "2025-05-06 00:00:00",
    "date_h": "07-11-1446",
    "created_at": "2025-05-06 00:00:00"
  },
  {
    "absence_id": 1011,
    "student_id": 441,
    "date_g": "2025-05-11 00:00:00",
    "date_h": "12-11-1446",
    "created_at": "2025-05-11 00:00:00"
  },
  {
    "absence_id": 1012,
    "student_id": 441,
    "date_g": "2025-05-12 00:00:00",
    "date_h": "13-11-1446",
    "created_at": "2025-05-12 00:00:00"
  },
  {
    "absence_id": 1013,
    "student_id": 441,
    "date_g": "2025-05-26 00:00:00",
    "date_h": "27-11-1446",
    "created_at": "2025-05-26 00:00:00"
  },
  {
    "absence_id": 1014,
    "student_id": 442,
    "date_g": "2025-05-01 00:00:00",
    "date_h": "02-11-1446",
    "created_at": "2025-05-01 00:00:00"
  },
  {
    "absence_id": 1015,
    "student_id": 442,
    "date_g": "2025-05-04 00:00:00",
    "date_h": "05-11-1446",
    "created_at": "2025-05-04 00:00:00"
  },
  {
    "absence_id": 1016,
    "student_id": 442,
    "date_g": "2025-05-06 00:00:00",
    "date_h": "07-11-1446",
    "created_at": "2025-05-06 00:00:00"
  },
  {
    "absence_id": 1017,
    "student_id": 442,
    "date_g": "2025-05-07 00:00:00",
    "date_h": "08-11-1446",
    "created_at": "2025-05-07 00:00:00"
  },
  {
    "absence_id": 1018,
    "student_id": 442,
    "date_g": "2025-05-13 00:00:00",
    "date_h": "14-11-1446",
    "created_at": "2025-05-13 00:00:00"
  },
  {
    "absence_id": 1019,
    "student_id": 442,
    "date_g": "2025-05-15 00:00:00",
    "date_h": "16-11-1446",
    "created_at": "2025-05-15 00:00:00"
  },
  {
    "absence_id": 1020,
    "student_id": 442,
    "date_g": "2025-05-18 00:00:00",
    "date_h": "19-11-1446",
    "created_at": "2025-05-18 00:00:00"
  },
  {
    "absence_id": 1021,
    "student_id": 447,
    "date_g": "2025-05-01 00:00:00",
    "date_h": "02-11-1446",
    "created_at": "2025-05-01 00:00:00"
  },
  {
    "absence_id": 1022,
    "student_id": 447,
    "date_g": "2025-05-12 00:00:00",
    "date_h": "13-11-1446",
    "created_at": "2025-05-12 00:00:00"
  },
  {
    "absence_id": 1023,
    "student_id": 447,
    "date_g": "2025-05-14 00:00:00",
    "date_h": "15-11-1446",
    "created_at": "2025-05-14 00:00:00"
  },
  {
    "absence_id": 1024,
    "student_id": 447,
    "date_g": "2025-05-20 00:00:00",
    "date_h": "21-11-1446",
    "created_at": "2025-05-20 00:00:00"
  },
  {
    "absence_id": 1025,
    "student_id": 447,
    "date_g": "2025-05-27 00:00:00",
    "date_h": "28-11-1446",
    "created_at": "2025-05-27 00:00:00"
  },
  {
    "absence_id": 1026,
    "student_id": 451,
    "date_g": "2025-05-01 00:00:00",
    "date_h": "02-11-1446",
    "created_at": "2025-05-01 00:00:00"
  },
  {
    "absence_id": 1027,
    "student_id": 451,
    "date_g": "2025-05-04 00:00:00",
    "date_h": "05-11-1446",
    "created_at": "2025-05-04 00:00:00"
  },
  {
    "absence_id": 1028,
    "student_id": 451,
    "date_g": "2025-05-12 00:00:00",
    "date_h": "13-11-1446",
    "created_at": "2025-05-12 00:00:00"
  },
  {
    "absence_id": 1029,
    "student_id": 451,
    "date_g": "2025-05-20 00:00:00",
    "date_h": "21-11-1446",
    "created_at": "2025-05-20 00:00:00"
  },
  {
    "absence_id": 1030,
    "student_id": 451,
    "date_g": "2025-05-22 00:00:00",
    "date_h": "23-11-1446",
    "created_at": "2025-05-22 00:00:00"
  },
  {
    "absence_id": 1031,
    "student_id": 451,
    "date_g": "2025-05-27 00:00:00",
    "date_h": "28-11-1446",
    "created_at": "2025-05-27 00:00:00"
  },
  {
    "absence_id": 1032,
    "student_id": 453,
    "date_g": "2025-05-05 00:00:00",
    "date_h": "06-11-1446",
    "created_at": "2025-05-05 00:00:00"
  },
  {
    "absence_id": 1033,
    "student_id": 453,
    "date_g": "2025-05-06 00:00:00",
    "date_h": "07-11-1446",
    "created_at": "2025-05-06 00:00:00"
  },
  {
    "absence_id": 1034,
    "student_id": 453,
    "date_g": "2025-05-07 00:00:00",
    "date_h": "08-11-1446",
    "created_at": "2025-05-07 00:00:00"
  },
  {
    "absence_id": 1035,
    "student_id": 453,
    "date_g": "2025-05-19 00:00:00",
    "date_h": "20-11-1446",
    "created_at": "2025-05-19 00:00:00"
  },
  {
    "absence_id": 1036,
    "student_id": 453,
    "date_g": "2025-05-21 00:00:00",
    "date_h": "22-11-1446",
    "created_at": "2025-05-21 00:00:00"
  },
  {
    "absence_id": 1037,
    "student_id": 458,
    "date_g": "2025-05-11 00:00:00",
    "date_h": "12-11-1446",
    "created_at": "2025-05-11 00:00:00"
  },
  {
    "absence_id": 1038,
    "student_id": 458,
    "date_g": "2025-05-14 00:00:00",
    "date_h": "15-11-1446",
    "created_at": "2025-05-14 00:00:00"
  },
  {
    "absence_id": 1039,
    "student_id": 458,
    "date_g": "2025-05-15 00:00:00",
    "date_h": "16-11-1446",
    "created_at": "2025-05-15 00:00:00"
  },
  {
    "absence_id": 1040,
    "student_id": 458,
    "date_g": "2025-05-19 00:00:00",
    "date_h": "20-11-1446",
    "created_at": "2025-05-19 00:00:00"
  },
  {
    "absence_id": 1041,
    "student_id": 458,
    "date_g": "2025-05-21 00:00:00",
    "date_h": "22-11-1446",
    "created_at": "2025-05-21 00:00:00"
  },
  {
    "absence_id": 1042,
    "student_id": 458,
    "date_g": "2025-05-22 00:00:00",
    "date_h": "23-11-1446",
    "created_at": "2025-05-22 00:00:00"
  },
  {
    "absence_id": 1043,
    "student_id": 458,
    "date_g": "2025-05-28 00:00:00",
    "date_h": "29-11-1446",
    "created_at": "2025-05-28 00:00:00"
  },
  {
    "absence_id": 1044,
    "student_id": 460,
    "date_g": "2025-05-01 00:00:00",
    "date_h": "02-11-1446",
    "created_at": "2025-05-01 00:00:00"
  },
  {
    "absence_id": 1045,
    "student_id": 460,
    "date_g": "2025-05-05 00:00:00",
    "date_h": "06-11-1446",
    "created_at": "2025-05-05 00:00:00"
  },
  {
    "absence_id": 1046,
    "student_id": 460,
    "date_g": "2025-05-06 00:00:00",
    "date_h": "07-11-1446",
    "created_at": "2025-05-06 00:00:00"
  },
  {
    "absence_id": 1047,
    "student_id": 460,
    "date_g": "2025-05-08 00:00:00",
    "date_h": "09-11-1446",
    "created_at": "2025-05-08 00:00:00"
  },
  {
    "absence_id": 1048,
    "student_id": 460,
    "date_g": "2025-05-11 00:00:00",
    "date_h": "12-11-1446",
    "created_at": "2025-05-11 00:00:00"
  },
  {
    "absence_id": 1049,
    "student_id": 460,
    "date_g": "2025-05-19 00:00:00",
    "date_h": "20-11-1446",
    "created_at": "2025-05-19 00:00:00"
  },
  {
    "absence_id": 1050,
    "student_id": 460,
    "date_g": "2025-05-25 00:00:00",
    "date_h": "26-11-1446",
    "created_at": "2025-05-25 00:00:00"
  },
  {
    "absence_id": 1051,
    "student_id": 460,
    "date_g": "2025-05-28 00:00:00",
    "date_h": "29-11-1446",
    "created_at": "2025-05-28 00:00:00"
  },
  {
    "absence_id": 1052,
    "student_id": 461,
    "date_g": "2025-05-05 00:00:00",
    "date_h": "06-11-1446",
    "created_at": "2025-05-05 00:00:00"
  },
  {
    "absence_id": 1053,
    "student_id": 461,
    "date_g": "2025-05-08 00:00:00",
    "date_h": "09-11-1446",
    "created_at": "2025-05-08 00:00:00"
  },
  {
    "absence_id": 1054,
    "student_id": 461,
    "date_g": "2025-05-12 00:00:00",
    "date_h": "13-11-1446",
    "created_at": "2025-05-12 00:00:00"
  },
  {
    "absence_id": 1055,
    "student_id": 461,
    "date_g": "2025-05-18 00:00:00",
    "date_h": "19-11-1446",
    "created_at": "2025-05-18 00:00:00"
  },
  {
    "absence_id": 1056,
    "student_id": 461,
    "date_g": "2025-05-29 00:00:00",
    "date_h": "30-11-1446",
    "created_at": "2025-05-29 00:00:00"
  },
  {
    "absence_id": 1057,
    "student_id": 466,
    "date_g": "2025-05-04 00:00:00",
    "date_h": "05-11-1446",
    "created_at": "2025-05-04 00:00:00"
  },
  {
    "absence_id": 1058,
    "student_id": 466,
    "date_g": "2025-05-06 00:00:00",
    "date_h": "07-11-1446",
    "created_at": "2025-05-06 00:00:00"
  },
  {
    "absence_id": 1059,
    "student_id": 466,
    "date_g": "2025-05-07 00:00:00",
    "date_h": "08-11-1446",
    "created_at": "2025-05-07 00:00:00"
  },
  {
    "absence_id": 1060,
    "student_id": 466,
    "date_g": "2025-05-12 00:00:00",
    "date_h": "13-11-1446",
    "created_at": "2025-05-12 00:00:00"
  },
  {
    "absence_id": 1061,
    "student_id": 466,
    "date_g": "2025-05-15 00:00:00",
    "date_h": "16-11-1446",
    "created_at": "2025-05-15 00:00:00"
  },
  {
    "absence_id": 1062,
    "student_id": 466,
    "date_g": "2025-05-20 00:00:00",
    "date_h": "21-11-1446",
    "created_at": "2025-05-20 00:00:00"
  },
  {
    "absence_id": 1063,
    "student_id": 466,
    "date_g": "2025-05-21 00:00:00",
    "date_h": "22-11-1446",
    "created_at": "2025-05-21 00:00:00"
  },
  {
    "absence_id": 1064,
    "student_id": 466,
    "date_g": "2025-05-27 00:00:00",
    "date_h": "28-11-1446",
    "created_at": "2025-05-27 00:00:00"
  },
  {
    "absence_id": 1065,
    "student_id": 469,
    "date_g": "2025-05-05 00:00:00",
    "date_h": "06-11-1446",
    "created_at": "2025-05-05 00:00:00"
  },
  {
    "absence_id": 1066,
    "student_id": 469,
    "date_g": "2025-05-12 00:00:00",
    "date_h": "13-11-1446",
    "created_at": "2025-05-12 00:00:00"
  },
  {
    "absence_id": 1067,
    "student_id": 469,
    "date_g": "2025-05-21 00:00:00",
    "date_h": "22-11-1446",
    "created_at": "2025-05-21 00:00:00"
  },
  {
    "absence_id": 1068,
    "student_id": 469,
    "date_g": "2025-05-25 00:00:00",
    "date_h": "26-11-1446",
    "created_at": "2025-05-25 00:00:00"
  },
  {
    "absence_id": 1069,
    "student_id": 471,
    "date_g": "2025-05-06 00:00:00",
    "date_h": "07-11-1446",
    "created_at": "2025-05-06 00:00:00"
  },
  {
    "absence_id": 1070,
    "student_id": 471,
    "date_g": "2025-05-07 00:00:00",
    "date_h": "08-11-1446",
    "created_at": "2025-05-07 00:00:00"
  },
  {
    "absence_id": 1071,
    "student_id": 471,
    "date_g": "2025-05-08 00:00:00",
    "date_h": "09-11-1446",
    "created_at": "2025-05-08 00:00:00"
  },
  {
    "absence_id": 1072,
    "student_id": 471,
    "date_g": "2025-05-12 00:00:00",
    "date_h": "13-11-1446",
    "created_at": "2025-05-12 00:00:00"
  },
  {
    "absence_id": 1073,
    "student_id": 471,
    "date_g": "2025-05-15 00:00:00",
    "date_h": "16-11-1446",
    "created_at": "2025-05-15 00:00:00"
  },
  {
    "absence_id": 1074,
    "student_id": 471,
    "date_g": "2025-05-19 00:00:00",
    "date_h": "20-11-1446",
    "created_at": "2025-05-19 00:00:00"
  },
  {
    "absence_id": 1075,
    "student_id": 471,
    "date_g": "2025-05-26 00:00:00",
    "date_h": "27-11-1446",
    "created_at": "2025-05-26 00:00:00"
  },
  {
    "absence_id": 1076,
    "student_id": 471,
    "date_g": "2025-05-29 00:00:00",
    "date_h": "30-11-1446",
    "created_at": "2025-05-29 00:00:00"
  },
  {
    "absence_id": 1077,
    "student_id": 473,
    "date_g": "2025-05-04 00:00:00",
    "date_h": "05-11-1446",
    "created_at": "2025-05-04 00:00:00"
  },
  {
    "absence_id": 1078,
    "student_id": 473,
    "date_g": "2025-05-05 00:00:00",
    "date_h": "06-11-1446",
    "created_at": "2025-05-05 00:00:00"
  },
  {
    "absence_id": 1079,
    "student_id": 473,
    "date_g": "2025-05-13 00:00:00",
    "date_h": "14-11-1446",
    "created_at": "2025-05-13 00:00:00"
  },
  {
    "absence_id": 1080,
    "student_id": 473,
    "date_g": "2025-05-14 00:00:00",
    "date_h": "15-11-1446",
    "created_at": "2025-05-14 00:00:00"
  },
  {
    "absence_id": 1081,
    "student_id": 473,
    "date_g": "2025-05-20 00:00:00",
    "date_h": "21-11-1446",
    "created_at": "2025-05-20 00:00:00"
  },
  {
    "absence_id": 1082,
    "student_id": 478,
    "date_g": "2025-05-05 00:00:00",
    "date_h": "06-11-1446",
    "created_at": "2025-05-05 00:00:00"
  },
  {
    "absence_id": 1083,
    "student_id": 478,
    "date_g": "2025-05-06 00:00:00",
    "date_h": "07-11-1446",
    "created_at": "2025-05-06 00:00:00"
  },
  {
    "absence_id": 1084,
    "student_id": 478,
    "date_g": "2025-05-11 00:00:00",
    "date_h": "12-11-1446",
    "created_at": "2025-05-11 00:00:00"
  },
  {
    "absence_id": 1085,
    "student_id": 478,
    "date_g": "2025-05-14 00:00:00",
    "date_h": "15-11-1446",
    "created_at": "2025-05-14 00:00:00"
  },
  {
    "absence_id": 1086,
    "student_id": 478,
    "date_g": "2025-05-29 00:00:00",
    "date_h": "30-11-1446",
    "created_at": "2025-05-29 00:00:00"
  },
  {
    "absence_id": 1087,
    "student_id": 481,
    "date_g": "2025-05-05 00:00:00",
    "date_h": "06-11-1446",
    "created_at": "2025-05-05 00:00:00"
  },
  {
    "absence_id": 1088,
    "student_id": 481,
    "date_g": "2025-05-06 00:00:00",
    "date_h": "07-11-1446",
    "created_at": "2025-05-06 00:00:00"
  },
  {
    "absence_id": 1089,
    "student_id": 481,
    "date_g": "2025-05-13 00:00:00",
    "date_h": "14-11-1446",
    "created_at": "2025-05-13 00:00:00"
  },
  {
    "absence_id": 1090,
    "student_id": 482,
    "date_g": "2025-05-05 00:00:00",
    "date_h": "06-11-1446",
    "created_at": "2025-05-05 00:00:00"
  },
  {
    "absence_id": 1091,
    "student_id": 482,
    "date_g": "2025-05-13 00:00:00",
    "date_h": "14-11-1446",
    "created_at": "2025-05-13 00:00:00"
  },
  {
    "absence_id": 1092,
    "student_id": 482,
    "date_g": "2025-05-18 00:00:00",
    "date_h": "19-11-1446",
    "created_at": "2025-05-18 00:00:00"
  },
  {
    "absence_id": 1093,
    "student_id": 482,
    "date_g": "2025-05-21 00:00:00",
    "date_h": "22-11-1446",
    "created_at": "2025-05-21 00:00:00"
  },
  {
    "absence_id": 1094,
    "student_id": 485,
    "date_g": "2025-05-05 00:00:00",
    "date_h": "06-11-1446",
    "created_at": "2025-05-05 00:00:00"
  },
  {
    "absence_id": 1095,
    "student_id": 485,
    "date_g": "2025-05-06 00:00:00",
    "date_h": "07-11-1446",
    "created_at": "2025-05-06 00:00:00"
  },
  {
    "absence_id": 1096,
    "student_id": 485,
    "date_g": "2025-05-07 00:00:00",
    "date_h": "08-11-1446",
    "created_at": "2025-05-07 00:00:00"
  },
  {
    "absence_id": 1097,
    "student_id": 485,
    "date_g": "2025-05-11 00:00:00",
    "date_h": "12-11-1446",
    "created_at": "2025-05-11 00:00:00"
  },
  {
    "absence_id": 1098,
    "student_id": 485,
    "date_g": "2025-05-25 00:00:00",
    "date_h": "26-11-1446",
    "created_at": "2025-05-25 00:00:00"
  },
  {
    "absence_id": 1099,
    "student_id": 485,
    "date_g": "2025-05-27 00:00:00",
    "date_h": "28-11-1446",
    "created_at": "2025-05-27 00:00:00"
  },
  {
    "absence_id": 1100,
    "student_id": 485,
    "date_g": "2025-05-28 00:00:00",
    "date_h": "29-11-1446",
    "created_at": "2025-05-28 00:00:00"
  },
  {
    "absence_id": 1101,
    "student_id": 490,
    "date_g": "2025-05-04 00:00:00",
    "date_h": "05-11-1446",
    "created_at": "2025-05-04 00:00:00"
  },
  {
    "absence_id": 1102,
    "student_id": 490,
    "date_g": "2025-05-05 00:00:00",
    "date_h": "06-11-1446",
    "created_at": "2025-05-05 00:00:00"
  },
  {
    "absence_id": 1103,
    "student_id": 490,
    "date_g": "2025-05-14 00:00:00",
    "date_h": "15-11-1446",
    "created_at": "2025-05-14 00:00:00"
  },
  {
    "absence_id": 1104,
    "student_id": 490,
    "date_g": "2025-05-15 00:00:00",
    "date_h": "16-11-1446",
    "created_at": "2025-05-15 00:00:00"
  },
  {
    "absence_id": 1105,
    "student_id": 490,
    "date_g": "2025-05-20 00:00:00",
    "date_h": "21-11-1446",
    "created_at": "2025-05-20 00:00:00"
  },
  {
    "absence_id": 1106,
    "student_id": 490,
    "date_g": "2025-05-21 00:00:00",
    "date_h": "22-11-1446",
    "created_at": "2025-05-21 00:00:00"
  },
  {
    "absence_id": 1107,
    "student_id": 491,
    "date_g": "2025-05-01 00:00:00",
    "date_h": "02-11-1446",
    "created_at": "2025-05-01 00:00:00"
  },
  {
    "absence_id": 1108,
    "student_id": 491,
    "date_g": "2025-05-06 00:00:00",
    "date_h": "07-11-1446",
    "created_at": "2025-05-06 00:00:00"
  },
  {
    "absence_id": 1109,
    "student_id": 491,
    "date_g": "2025-05-07 00:00:00",
    "date_h": "08-11-1446",
    "created_at": "2025-05-07 00:00:00"
  },
  {
    "absence_id": 1110,
    "student_id": 491,
    "date_g": "2025-05-11 00:00:00",
    "date_h": "12-11-1446",
    "created_at": "2025-05-11 00:00:00"
  },
  {
    "absence_id": 1111,
    "student_id": 491,
    "date_g": "2025-05-12 00:00:00",
    "date_h": "13-11-1446",
    "created_at": "2025-05-12 00:00:00"
  },
  {
    "absence_id": 1112,
    "student_id": 491,
    "date_g": "2025-05-13 00:00:00",
    "date_h": "14-11-1446",
    "created_at": "2025-05-13 00:00:00"
  },
  {
    "absence_id": 1113,
    "student_id": 491,
    "date_g": "2025-05-26 00:00:00",
    "date_h": "27-11-1446",
    "created_at": "2025-05-26 00:00:00"
  },
  {
    "absence_id": 1114,
    "student_id": 491,
    "date_g": "2025-05-27 00:00:00",
    "date_h": "28-11-1446",
    "created_at": "2025-05-27 00:00:00"
  },
  {
    "absence_id": 1115,
    "student_id": 493,
    "date_g": "2025-05-05 00:00:00",
    "date_h": "06-11-1446",
    "created_at": "2025-05-05 00:00:00"
  },
  {
    "absence_id": 1116,
    "student_id": 493,
    "date_g": "2025-05-08 00:00:00",
    "date_h": "09-11-1446",
    "created_at": "2025-05-08 00:00:00"
  },
  {
    "absence_id": 1117,
    "student_id": 493,
    "date_g": "2025-05-14 00:00:00",
    "date_h": "15-11-1446",
    "created_at": "2025-05-14 00:00:00"
  },
  {
    "absence_id": 1118,
    "student_id": 494,
    "date_g": "2025-05-01 00:00:00",
    "date_h": "02-11-1446",
    "created_at": "2025-05-01 00:00:00"
  },
  {
    "absence_id": 1119,
    "student_id": 494,
    "date_g": "2025-05-06 00:00:00",
    "date_h": "07-11-1446",
    "created_at": "2025-05-06 00:00:00"
  },
  {
    "absence_id": 1120,
    "student_id": 494,
    "date_g": "2025-05-13 00:00:00",
    "date_h": "14-11-1446",
    "created_at": "2025-05-13 00:00:00"
  },
  {
    "absence_id": 1121,
    "student_id": 494,
    "date_g": "2025-05-19 00:00:00",
    "date_h": "20-11-1446",
    "created_at": "2025-05-19 00:00:00"
  },
  {
    "absence_id": 1122,
    "student_id": 494,
    "date_g": "2025-05-20 00:00:00",
    "date_h": "21-11-1446",
    "created_at": "2025-05-20 00:00:00"
  },
  {
    "absence_id": 1123,
    "student_id": 494,
    "date_g": "2025-05-21 00:00:00",
    "date_h": "22-11-1446",
    "created_at": "2025-05-21 00:00:00"
  },
  {
    "absence_id": 1124,
    "student_id": 500,
    "date_g": "2025-05-05 00:00:00",
    "date_h": "06-11-1446",
    "created_at": "2025-05-05 00:00:00"
  },
  {
    "absence_id": 1125,
    "student_id": 500,
    "date_g": "2025-05-06 00:00:00",
    "date_h": "07-11-1446",
    "created_at": "2025-05-06 00:00:00"
  },
  {
    "absence_id": 1126,
    "student_id": 500,
    "date_g": "2025-05-12 00:00:00",
    "date_h": "13-11-1446",
    "created_at": "2025-05-12 00:00:00"
  },
  {
    "absence_id": 1127,
    "student_id": 500,
    "date_g": "2025-05-15 00:00:00",
    "date_h": "16-11-1446",
    "created_at": "2025-05-15 00:00:00"
  },
  {
    "absence_id": 1128,
    "student_id": 500,
    "date_g": "2025-05-18 00:00:00",
    "date_h": "19-11-1446",
    "created_at": "2025-05-18 00:00:00"
  },
  {
    "absence_id": 1129,
    "student_id": 500,
    "date_g": "2025-05-19 00:00:00",
    "date_h": "20-11-1446",
    "created_at": "2025-05-19 00:00:00"
  },
  {
    "absence_id": 1130,
    "student_id": 500,
    "date_g": "2025-05-27 00:00:00",
    "date_h": "28-11-1446",
    "created_at": "2025-05-27 00:00:00"
  }
]