[
  {
    "penalty_id": 1,
    "parent_id": 1,
    "student_id": 2,
    "penalty_type_id": 1,
    "penalty_date_g": "2025-05-15 00:00:00",
    "penalty_date_h": "07-11-1446",
    "amount_due": 40,
    "month_number": 8,
    "year": 2025,
    "issued_at": "2025-05-15 00:00:00",
    "paid": "N"
  },
  {
    "penalty_id": 2,
    "parent_id": 1,
    "student_id": 4,
    "penalty_type_id": 1,
    "penalty_date_g": "2025-05-16 00:00:00",
    "penalty_date_h": "08-11-1446",
    "amount_due": 50,
    "month_number": 8,
    "year": 2025,
    "issued_at": "2025-05-16 00:00:00",
    "paid": "N"
  },
  {
    "penalty_id": 3,
    "parent_id": 1,
    "student_id": 7,
    "penalty_type_id": 1,
    "penalty_date_g": "2025-05-17 00:00:00",
    "penalty_date_h": "07-11-1447",
    "amount_due": 40,
    "month_number": 8,
    "year": 2025,
    "issued_at": "2025-05-17 00:00:00",
    "paid": "Y"
  },
  {
    "penalty_id": 4,
    "parent_id": 2,
    "student_id": 10,
    "penalty_type_id": 1,
    "penalty_date_g": "2025-05-18 00:00:00",
    "penalty_date_h": "08-11-1447",
    "amount_due": 30,
    "month_number": 8,
    "year": 2025,
    "issued_at": "2025-05-18 00:00:00",
    "paid": "N"
  },
  {
    "penalty_id": 5,
    "parent_id": 3,
    "student_id": 18,
    "penalty_type_id": 1,
    "penalty_date_g": "2025-05-19 00:00:00",
    "penalty_date_h": "07-11-1448",
    "amount_due": 30,
    "month_number": 8,
    "year": 2025,
    "issued_at": "2025-05-19 00:00:00",
    "paid": "N"
  },
  {
    "penalty_id": 6,
    "parent_id": 3,
    "student_id": 19,
    "penalty_type_id": 1,
    "penalty_date_g": "2025-05-20 00:00:00",
    "penalty_date_h": "08-11-1448",
    "amount_due": 50,
    "month_number": 8,
    "year": 2025,
    "issued_at": "2025-05-20 00:00:00",
    "paid": "Y"
  },
  {
    "penalty_id": 7,
    "parent_id": 4,
    "student_id": 25,
    "penalty_type_id": 1,
    "penalty_date_g": "2025-05-21 00:00:00",
    "penalty_date_h": "07-11-1449",
    "amount_due": 50,
    "month_number": 8,
    "year": 2025,
    "issued_at": "2025-05-21 00:00:00",
    "paid": "Y"
  },
  {
    "penalty_id": 8,
    "parent_id": 4,
    "student_id": 28,
    "penalty_type_id": 1,
    "penalty_date_g": "2025-05-22 00:00:00",
    "penalty_date_h": "08-11-1449",
    "amount_due": 50,
    "month_number": 8,
    "year": 2025,
    "issued_at": "2025-05-22 00:00:00",
    "paid": "Y"
  },
  {
    "penalty_id": 9,
    "parent_id": 5,
    "student_id": 30,
    "penalty_type_id": 1,
    "penalty_date_g": "2025-05-23 00:00:00",
    "penalty_date_h": "07-11-1450",
    "amount_due": 40,
    "month_number": 8,
    "year": 2025,
    "issued_at": "2025-05-23 00:00:00",
    "paid": "N"
  },
  {
    "penalty_id": 10,
    "parent_id": 5,
    "student_id": 31,
    "penalty_type_id": 1,
    "penalty_date_g": "2025-05-24 00:00:00",
    "penalty_date_h": "08-11-1450",
    "amount_due": 30,
    "month_number": 8,
    "year": 2025,
    "issued_at": "2025-05-24 00:00:00",
    "paid": "N"
  },
  {
    "penalty_id": 11,
    "parent_id": 5,
    "student_id": 33,
    "penalty_type_id": 1,
    "penalty_date_g": "2025-05-25 00:00:00",
    "penalty_date_h": "07-11-1451",
    "amount_due": 30,
    "month_number": 8,
    "year": 2025,
    "issued_at": "2025-05-25 00:00:00",
    "paid": "N"
  },
  {
    "penalty_id": 12,
    "parent_id": 5,
    "student_id": 35,
    "penalty_type_id": 1,
    "penalty_date_g": "2025-05-26 00:00:00",
    "penalty_date_h": "08-11-1451",
    "amount_due": 30,
    "month_number": 8,
    "year": 2025,
    "issued_at": "2025-05-26 00:00:00",
    "paid": "N"
  },
  {
    "penalty_id": 13,
    "parent_id": 6,
    "student_id": 39,
    "penalty_type_id": 1,
    "penalty_date_g": "2025-05-27 00:00:00",
    "penalty_date_h": "07-11-1452",
    "amount_due": 50,
    "month_number": 8,
    "year": 2025,
    "issued_at": "2025-05-27 00:00:00",
    "paid": "N"
  },
  {
    "penalty_id": 14,
    "parent_id": 7,
    "student_id": 44,
    "penalty_type_id": 1,
    "penalty_date_g": "2025-05-28 00:00:00",
    "penalty_date_h": "08-11-1452",
    "amount_due": 50,
    "month_number": 8,
    "year": 2025,
    "issued_at": "2025-05-28 00:00:00",
    "paid": "N"
  },
  {
    "penalty_id": 15,
    "parent_id": 7,
    "student_id": 49,
    "penalty_type_id": 1,
    "penalty_date_g": "2025-05-29 00:00:00",
    "penalty_date_h": "07-11-1453",
    "amount_due": 40,
    "month_number": 8,
    "year": 2025,
    "issued_at": "2025-05-29 00:00:00",
    "paid": "N"
  },
  {
    "penalty_id": 16,
    "parent_id": 8,
    "student_id": 51,
    "penalty_type_id": 1,
    "penalty_date_g": "2025-05-30 00:00:00",
    "penalty_date_h": "08-11-1453",
    "amount_due": 40,
    "month_number": 8,
    "year": 2025,
    "issued_at": "2025-05-30 00:00:00",
    "paid": "Y"
  },
  {
    "penalty_id": 17,
    "parent_id": 9,
    "student_id": 58,
    "penalty_type_id": 1,
    "penalty_date_g": "2025-05-15 00:00:00",
    "penalty_date_h": "07-11-1446",
    "amount_due": 50,
    "month_number": 8,
    "year": 2025,
    "issued_at": "2025-05-15 00:00:00",
    "paid": "N"
  },
  {
    "penalty_id": 18,
    "parent_id": 9,
    "student_id": 60,
    "penalty_type_id": 1,
    "penalty_date_g": "2025-05-16 00:00:00",
    "penalty_date_h": "08-11-1446",
    "amount_due": 50,
    "month_number": 8,
    "year": 2025,
    "issued_at": "2025-05-16 00:00:00",
    "paid": "N"
  },
  {
    "penalty_id": 19,
    "parent_id": 9,
    "student_id": 63,
    "penalty_type_id": 1,
    "penalty_date_g": "2025-05-17 00:00:00",
    "penalty_date_h": "07-11-1447",
    "amount_due": 40,
    "month_number": 8,
    "year": 2025,
    "issued_at": "2025-05-17 00:00:00",
    "paid": "N"
  },
  {
    "penalty_id": 20,
    "parent_id": 10,
    "student_id": 64,
    "penalty_type_id": 1,
    "penalty_date_g": "2025-05-18 00:00:00",
    "penalty_date_h": "08-11-1447",
    "amount_due": 50,
    "month_number": 8,
    "year": 2025,
    "issued_at": "2025-05-18 00:00:00",
    "paid": "Y"
  },
  {
    "penalty_id": 21,
    "parent_id": 10,
    "student_id": 65,
    "penalty_type_id": 1,
    "penalty_date_g": "2025-05-19 00:00:00",
    "penalty_date_h": "07-11-1448",
    "amount_due": 50,
    "month_number": 8,
    "year": 2025,
    "issued_at": "2025-05-19 00:00:00",
    "paid": "Y"
  },
  {
    "penalty_id": 22,
    "parent_id": 10,
    "student_id": 66,
    "penalty_type_id": 1,
    "penalty_date_g": "2025-05-20 00:00:00",
    "penalty_date_h": "08-11-1448",
    "amount_due": 50,
    "month_number": 8,
    "year": 2025,
    "issued_at": "2025-05-20 00:00:00",
    "paid": "N"
  },
  {
    "penalty_id": 23,
    "parent_id": 10,
    "student_id": 68,
    "penalty_type_id": 1,
    "penalty_date_g": "2025-05-21 00:00:00",
    "penalty_date_h": "07-11-1449",
    "amount_due": 30,
    "month_number": 8,
    "year": 2025,
    "issued_at": "2025-05-21 00:00:00",
    "paid": "Y"
  },
  {
    "penalty_id": 24,
    "parent_id": 11,
    "student_id": 71,
    "penalty_type_id": 1,
    "penalty_date_g": "2025-05-22 00:00:00",
    "penalty_date_h": "08-11-1449",
    "amount_due": 50,
    "month_number": 8,
    "year": 2025,
    "issued_at": "2025-05-22 00:00:00",
    "paid": "N"
  },
  {
    "penalty_id": 25,
    "parent_id": 11,
    "student_id": 72,
    "penalty_type_id": 1,
    "penalty_date_g": "2025-05-23 00:00:00",
    "penalty_date_h": "07-11-1450",
    "amount_due": 50,
    "month_number": 8,
    "year": 2025,
    "issued_at": "2025-05-23 00:00:00",
    "paid": "N"
  },
  {
    "penalty_id": 26,
    "parent_id": 11,
    "student_id": 73,
    "penalty_type_id": 1,
    "penalty_date_g": "2025-05-24 00:00:00",
    "penalty_date_h": "08-11-1450",
    "amount_due": 30,
    "month_number": 8,
    "year": 2025,
    "issued_at": "2025-05-24 00:00:00",
    "paid": "Y"
  },
  {
    "penalty_id": 27,
    "parent_id": 11,
    "student_id": 74,
    "penalty_type_id": 1,
    "penalty_date_g": "2025-05-25 00:00:00",
    "penalty_date_h": "07-11-1451",
    "amount_due": 40,
    "month_number": 8,
    "year": 2025,
    "issued_at": "2025-05-25 00:00:00",
    "paid": "Y"
  },
  {
    "penalty_id": 28,
    "parent_id": 11,
    "student_id": 75,
    "penalty_type_id": 1,
    "penalty_date_g": "2025-05-26 00:00:00",
    "penalty_date_h": "08-11-1451",
    "amount_due": 30,
    "month_number": 8,
    "year": 2025,
    "issued_at": "2025-05-26 00:00:00",
    "paid": "Y"
  },
  {
    "penalty_id": 29,
    "parent_id": 11,
    "student_id": 77,
    "penalty_type_id": 1,
    "penalty_date_g": "2025-05-27 00:00:00",
    "penalty_date_h": "07-11-1452",
    "amount_due": 40,
    "month_number": 8,
    "year": 2025,
    "issued_at": "2025-05-27 00:00:00",
    "paid": "N"
  },
  {
    "penalty_id": 30,
    "parent_id": 12,
    "student_id": 78,
    "penalty_type_id": 1,
    "penalty_date_g": "2025-05-28 00:00:00",
    "penalty_date_h": "08-11-1452",
    "amount_due": 40,
    "month_number": 8,
    "year": 2025,
    "issued_at": "2025-05-28 00:00:00",
    "paid": "N"
  },
  {
    "penalty_id": 31,
    "parent_id": 12,
    "student_id": 80,
    "penalty_type_id": 1,
    "penalty_date_g": "2025-05-29 00:00:00",
    "penalty_date_h": "07-11-1453",
    "amount_due": 40,
    "month_number": 8,
    "year": 2025,
    "issued_at": "2025-05-29 00:00:00",
    "paid": "N"
  },
  {
    "penalty_id": 32,
    "parent_id": 13,
    "student_id": 90,
    "penalty_type_id": 1,
    "penalty_date_g": "2025-05-30 00:00:00",
    "penalty_date_h": "08-11-1453",
    "amount_due": 40,
    "month_number": 8,
    "year": 2025,
    "issued_at": "2025-05-30 00:00:00",
    "paid": "Y"
  },
  {
    "penalty_id": 33,
    "parent_id": 14,
    "student_id": 94,
    "penalty_type_id": 1,
    "penalty_date_g": "2025-05-15 00:00:00",
    "penalty_date_h": "07-11-1446",
    "amount_due": 40,
    "month_number": 8,
    "year": 2025,
    "issued_at": "2025-05-15 00:00:00",
    "paid": "Y"
  },
  {
    "penalty_id": 34,
    "parent_id": 14,
    "student_id": 97,
    "penalty_type_id": 1,
    "penalty_date_g": "2025-05-16 00:00:00",
    "penalty_date_h": "08-11-1446",
    "amount_due": 40,
    "month_number": 8,
    "year": 2025,
    "issued_at": "2025-05-16 00:00:00",
    "paid": "Y"
  },
  {
    "penalty_id": 35,
    "parent_id": 14,
    "student_id": 98,
    "penalty_type_id": 1,
    "penalty_date_g": "2025-05-17 00:00:00",
    "penalty_date_h": "07-11-1447",
    "amount_due": 50,
    "month_number": 8,
    "year": 2025,
    "issued_at": "2025-05-17 00:00:00",
    "paid": "Y"
  },
  {
    "penalty_id": 36,
    "parent_id": 15,
    "student_id": 100,
    "penalty_type_id": 1,
    "penalty_date_g": "2025-05-18 00:00:00",
    "penalty_date_h": "08-11-1447",
    "amount_due": 40,
    "month_number": 8,
    "year": 2025,
    "issued_at": "2025-05-18 00:00:00",
    "paid": "Y"
  },
  {
    "penalty_id": 37,
    "parent_id": 15,
    "student_id": 103,
    "penalty_type_id": 1,
    "penalty_date_g": "2025-05-19 00:00:00",
    "penalty_date_h": "07-11-1448",
    "amount_due": 50,
    "month_number": 8,
    "year": 2025,
    "issued_at": "2025-05-19 00:00:00",
    "paid": "N"
  },
  {
    "penalty_id": 38,
    "parent_id": 15,
    "student_id": 104,
    "penalty_type_id": 1,
    "penalty_date_g": "2025-05-20 00:00:00",
    "penalty_date_h": "08-11-1448",
    "amount_due": 30,
    "month_number": 8,
    "year": 2025,
    "issued_at": "2025-05-20 00:00:00",
    "paid": "N"
  },
  {
    "penalty_id": 39,
    "parent_id": 16,
    "student_id": 107,
    "penalty_type_id": 1,
    "penalty_date_g": "2025-05-21 00:00:00",
    "penalty_date_h": "07-11-1449",
    "amount_due": 30,
    "month_number": 8,
    "year": 2025,
    "issued_at": "2025-05-21 00:00:00",
    "paid": "N"
  },
  {
    "penalty_id": 40,
    "parent_id": 16,
    "student_id": 109,
    "penalty_type_id": 1,
    "penalty_date_g": "2025-05-22 00:00:00",
    "penalty_date_h": "08-11-1449",
    "amount_due": 50,
    "month_number": 8,
    "year": 2025,
    "issued_at": "2025-05-22 00:00:00",
    "paid": "N"
  },
  {
    "penalty_id": 41,
    "parent_id": 16,
    "student_id": 110,
    "penalty_type_id": 1,
    "penalty_date_g": "2025-05-23 00:00:00",
    "penalty_date_h": "07-11-1450",
    "amount_due": 50,
    "month_number": 8,
    "year": 2025,
    "issued_at": "2025-05-23 00:00:00",
    "paid": "N"
  },
  {
    "penalty_id": 42,
    "parent_id": 17,
    "student_id": 114,
    "penalty_type_id": 1,
    "penalty_date_g": "2025-05-24 00:00:00",
    "penalty_date_h": "08-11-1450",
    "amount_due": 30,
    "month_number": 8,
    "year": 2025,
    "issued_at": "2025-05-24 00:00:00",
    "paid": "N"
  },
  {
    "penalty_id": 43,
    "parent_id": 17,
    "student_id": 117,
    "penalty_type_id": 1,
    "penalty_date_g": "2025-05-25 00:00:00",
    "penalty_date_h": "07-11-1451",
    "amount_due": 50,
    "month_number": 8,
    "year": 2025,
    "issued_at": "2025-05-25 00:00:00",
    "paid": "N"
  },
  {
    "penalty_id": 44,
    "parent_id": 17,
    "student_id": 118,
    "penalty_type_id": 1,
    "penalty_date_g": "2025-05-26 00:00:00",
    "penalty_date_h": "08-11-1451",
    "amount_due": 50,
    "month_number": 8,
    "year": 2025,
    "issued_at": "2025-05-26 00:00:00",
    "paid": "Y"
  },
  {
    "penalty_id": 45,
    "parent_id": 18,
    "student_id": 121,
    "penalty_type_id": 1,
    "penalty_date_g": "2025-05-27 00:00:00",
    "penalty_date_h": "07-11-1452",
    "amount_due": 40,
    "month_number": 8,
    "year": 2025,
    "issued_at": "2025-05-27 00:00:00",
    "paid": "Y"
  },
  {
    "penalty_id": 46,
    "parent_id": 18,
    "student_id": 123,
    "penalty_type_id": 1,
    "penalty_date_g": "2025-05-28 00:00:00",
    "penalty_date_h": "08-11-1452",
    "amount_due": 50,
    "month_number": 8,
    "year": 2025,
    "issued_at": "2025-05-28 00:00:00",
    "paid": "Y"
  },
  {
    "penalty_id": 47,
    "parent_id": 18,
    "student_id": 125,
    "penalty_type_id": 1,
    "penalty_date_g": "2025-05-29 00:00:00",
    "penalty_date_h": "07-11-1453",
    "amount_due": 50,
    "month_number": 8,
    "year": 2025,
    "issued_at": "2025-05-29 00:00:00",
    "paid": "N"
  },
  {
    "penalty_id": 48,
    "parent_id": 19,
    "student_id": 132,
    "penalty_type_id": 1,
    "penalty_date_g": "2025-05-30 00:00:00",
    "penalty_date_h": "08-11-1453",
    "amount_due": 50,
    "month_number": 8,
    "year": 2025,
    "issued_at": "2025-05-30 00:00:00",
    "paid": "N"
  },
  {
    "penalty_id": 49,
    "parent_id": 20,
    "student_id": 135,
    "penalty_type_id": 1,
    "penalty_date_g": "2025-05-15 00:00:00",
    "penalty_date_h": "07-11-1446",
    "amount_due": 30,
    "month_number": 8,
    "year": 2025,
    "issued_at": "2025-05-15 00:00:00",
    "paid": "N"
  },
  {
    "penalty_id": 50,
    "parent_id": 20,
    "student_id": 136,
    "penalty_type_id": 1,
    "penalty_date_g": "2025-05-16 00:00:00",
    "penalty_date_h": "08-11-1446",
    "amount_due": 40,
    "month_number": 8,
    "year": 2025,
    "issued_at": "2025-05-16 00:00:00",
    "paid": "Y"
  },
  {
    "penalty_id": 51,
    "parent_id": 20,
    "student_id": 137,
    "penalty_type_id": 1,
    "penalty_date_g": "2025-05-17 00:00:00",
    "penalty_date_h": "07-11-1447",
    "amount_due": 30,
    "month_number": 8,
    "year": 2025,
    "issued_at": "2025-05-17 00:00:00",
    "paid": "Y"
  },
  {
    "penalty_id": 52,
    "parent_id": 20,
    "student_id": 138,
    "penalty_type_id": 1,
    "penalty_date_g": "2025-05-18 00:00:00",
    "penalty_date_h": "08-11-1447",
    "amount_due": 40,
    "month_number": 8,
    "year": 2025,
    "issued_at": "2025-05-18 00:00:00",
    "paid": "N"
  },
  {
    "penalty_id": 53,
    "parent_id": 21,
    "student_id": 141,
    "penalty_type_id": 1,
    "penalty_date_g": "2025-05-19 00:00:00",
    "penalty_date_h": "07-11-1448",
    "amount_due": 40,
    "month_number": 8,
    "year": 2025,
    "issued_at": "2025-05-19 00:00:00",
    "paid": "N"
  },
  {
    "penalty_id": 54,
    "parent_id": 21,
    "student_id": 145,
    "penalty_type_id": 1,
    "penalty_date_g": "2025-05-20 00:00:00",
    "penalty_date_h": "08-11-1448",
    "amount_due": 30,
    "month_number": 8,
    "year": 2025,
    "issued_at": "2025-05-20 00:00:00",
    "paid": "N"
  },
  {
    "penalty_id": 55,
    "parent_id": 22,
    "student_id": 149,
    "penalty_type_id": 1,
    "penalty_date_g": "2025-05-21 00:00:00",
    "penalty_date_h": "07-11-1449",
    "amount_due": 40,
    "month_number": 8,
    "year": 2025,
    "issued_at": "2025-05-21 00:00:00",
    "paid": "Y"
  },
  {
    "penalty_id": 56,
    "parent_id": 22,
    "student_id": 150,
    "penalty_type_id": 1,
    "penalty_date_g": "2025-05-22 00:00:00",
    "penalty_date_h": "08-11-1449",
    "amount_due": 40,
    "month_number": 8,
    "year": 2025,
    "issued_at": "2025-05-22 00:00:00",
    "paid": "Y"
  },
  {
    "penalty_id": 57,
    "parent_id": 22,
    "student_id": 154,
    "penalty_type_id": 1,
    "penalty_date_g": "2025-05-23 00:00:00",
    "penalty_date_h": "07-11-1450",
    "amount_due": 40,
    "month_number": 8,
    "year": 2025,
    "issued_at": "2025-05-23 00:00:00",
    "paid": "Y"
  },
  {
    "penalty_id": 58,
    "parent_id": 23,
    "student_id": 156,
    "penalty_type_id": 1,
    "penalty_date_g": "2025-05-24 00:00:00",
    "penalty_date_h": "08-11-1450",
    "amount_due": 40,
    "month_number": 8,
    "year": 2025,
    "issued_at": "2025-05-24 00:00:00",
    "paid": "Y"
  },
  {
    "penalty_id": 59,
    "parent_id": 23,
    "student_id": 157,
    "penalty_type_id": 1,
    "penalty_date_g": "2025-05-25 00:00:00",
    "penalty_date_h": "07-11-1451",
    "amount_due": 40,
    "month_number": 8,
    "year": 2025,
    "issued_at": "2025-05-25 00:00:00",
    "paid": "N"
  },
  {
    "penalty_id": 60,
    "parent_id": 23,
    "student_id": 158,
    "penalty_type_id": 1,
    "penalty_date_g": "2025-05-26 00:00:00",
    "penalty_date_h": "08-11-1451",
    "amount_due": 40,
    "month_number": 8,
    "year": 2025,
    "issued_at": "2025-05-26 00:00:00",
    "paid": "N"
  },
  {
    "penalty_id": 61,
    "parent_id": 24,
    "student_id": 162,
    "penalty_type_id": 1,
    "penalty_date_g": "2025-05-27 00:00:00",
    "penalty_date_h": "07-11-1452",
    "amount_due": 50,
    "month_number": 8,
    "year": 2025,
    "issued_at": "2025-05-27 00:00:00",
    "paid": "N"
  },
  {
    "penalty_id": 62,
    "parent_id": 24,
    "student_id": 163,
    "penalty_type_id": 1,
    "penalty_date_g": "2025-05-28 00:00:00",
    "penalty_date_h": "08-11-1452",
    "amount_due": 50,
    "month_number": 8,
    "year": 2025,
    "issued_at": "2025-05-28 00:00:00",
    "paid": "N"
  },
  {
    "penalty_id": 63,
    "parent_id": 24,
    "student_id": 165,
    "penalty_type_id": 1,
    "penalty_date_g": "2025-05-29 00:00:00",
    "penalty_date_h": "07-11-1453",
    "amount_due": 40,
    "month_number": 8,
    "year": 2025,
    "issued_at": "2025-05-29 00:00:00",
    "paid": "N"
  },
  {
    "penalty_id": 64,
    "parent_id": 24,
    "student_id": 167,
    "penalty_type_id": 1,
    "penalty_date_g": "2025-05-30 00:00:00",
    "penalty_date_h": "08-11-1453",
    "amount_due": 30,
    "month_number": 8,
    "year": 2025,
    "issued_at": "2025-05-30 00:00:00",
    "paid": "Y"
  },
  {
    "penalty_id": 65,
    "parent_id": 25,
    "student_id": 169,
    "penalty_type_id": 1,
    "penalty_date_g": "2025-05-15 00:00:00",
    "penalty_date_h": "07-11-1446",
    "amount_due": 50,
    "month_number": 8,
    "year": 2025,
    "issued_at": "2025-05-15 00:00:00",
    "paid": "Y"
  },
  {
    "penalty_id": 66,
    "parent_id": 25,
    "student_id": 171,
    "penalty_type_id": 1,
    "penalty_date_g": "2025-05-16 00:00:00",
    "penalty_date_h": "08-11-1446",
    "amount_due": 50,
    "month_number": 8,
    "year": 2025,
    "issued_at": "2025-05-16 00:00:00",
    "paid": "Y"
  },
  {
    "penalty_id": 67,
    "parent_id": 25,
    "student_id": 172,
    "penalty_type_id": 1,
    "penalty_date_g": "2025-05-17 00:00:00",
    "penalty_date_h": "07-11-1447",
    "amount_due": 50,
    "month_number": 8,
    "year": 2025,
    "issued_at": "2025-05-17 00:00:00",
    "paid": "N"
  },
  {
    "penalty_id": 68,
    "parent_id": 25,
    "student_id": 174,
    "penalty_type_id": 1,
    "penalty_date_g": "2025-05-18 00:00:00",
    "penalty_date_h": "08-11-1447",
    "amount_due": 30,
    "month_number": 8,
    "year": 2025,
    "issued_at": "2025-05-18 00:00:00",
    "paid": "Y"
  },
  {
    "penalty_id": 69,
    "parent_id": 25,
    "student_id": 175,
    "penalty_type_id": 1,
    "penalty_date_g": "2025-05-19 00:00:00",
    "penalty_date_h": "07-11-1448",
    "amount_due": 50,
    "month_number": 8,
    "year": 2025,
    "issued_at": "2025-05-19 00:00:00",
    "paid": "N"
  },
  {
    "penalty_id": 70,
    "parent_id": 26,
    "student_id": 178,
    "penalty_type_id": 1,
    "penalty_date_g": "2025-05-20 00:00:00",
    "penalty_date_h": "08-11-1448",
    "amount_due": 40,
    "month_number": 8,
    "year": 2025,
    "issued_at": "2025-05-20 00:00:00",
    "paid": "N"
  },
  {
    "penalty_id": 71,
    "parent_id": 27,
    "student_id": 182,
    "penalty_type_id": 1,
    "penalty_date_g": "2025-05-21 00:00:00",
    "penalty_date_h": "07-11-1449",
    "amount_due": 30,
    "month_number": 8,
    "year": 2025,
    "issued_at": "2025-05-21 00:00:00",
    "paid": "Y"
  },
  {
    "penalty_id": 72,
    "parent_id": 27,
    "student_id": 183,
    "penalty_type_id": 1,
    "penalty_date_g": "2025-05-22 00:00:00",
    "penalty_date_h": "08-11-1449",
    "amount_due": 50,
    "month_number": 8,
    "year": 2025,
    "issued_at": "2025-05-22 00:00:00",
    "paid": "Y"
  },
  {
    "penalty_id": 73,
    "parent_id": 28,
    "student_id": 188,
    "penalty_type_id": 1,
    "penalty_date_g": "2025-05-23 00:00:00",
    "penalty_date_h": "07-11-1450",
    "amount_due": 30,
    "month_number": 8,
    "year": 2025,
    "issued_at": "2025-05-23 00:00:00",
    "paid": "N"
  },
  {
    "penalty_id": 74,
    "parent_id": 28,
    "student_id": 190,
    "penalty_type_id": 1,
    "penalty_date_g": "2025-05-24 00:00:00",
    "penalty_date_h": "08-11-1450",
    "amount_due": 30,
    "month_number": 8,
    "year": 2025,
    "issued_at": "2025-05-24 00:00:00",
    "paid": "N"
  },
  {
    "penalty_id": 75,
    "parent_id": 29,
    "student_id": 191,
    "penalty_type_id": 1,
    "penalty_date_g": "2025-05-25 00:00:00",
    "penalty_date_h": "07-11-1451",
    "amount_due": 40,
    "month_number": 8,
    "year": 2025,
    "issued_at": "2025-05-25 00:00:00",
    "paid": "N"
  },
  {
    "penalty_id": 76,
    "parent_id": 29,
    "student_id": 192,
    "penalty_type_id": 1,
    "penalty_date_g": "2025-05-26 00:00:00",
    "penalty_date_h": "08-11-1451",
    "amount_due": 50,
    "month_number": 8,
    "year": 2025,
    "issued_at": "2025-05-26 00:00:00",
    "paid": "N"
  },
  {
    "penalty_id": 77,
    "parent_id": 29,
    "student_id": 193,
    "penalty_type_id": 1,
    "penalty_date_g": "2025-05-27 00:00:00",
    "penalty_date_h": "07-11-1452",
    "amount_due": 40,
    "month_number": 8,
    "year": 2025,
    "issued_at": "2025-05-27 00:00:00",
    "paid": "N"
  },
  {
    "penalty_id": 78,
    "parent_id": 29,
    "student_id": 194,
    "penalty_type_id": 1,
    "penalty_date_g": "2025-05-28 00:00:00",
    "penalty_date_h": "08-11-1452",
    "amount_due": 40,
    "month_number": 8,
    "year": 2025,
    "issued_at": "2025-05-28 00:00:00",
    "paid": "Y"
  },
  {
    "penalty_id": 79,
    "parent_id": 29,
    "student_id": 195,
    "penalty_type_id": 1,
    "penalty_date_g": "2025-05-29 00:00:00",
    "penalty_date_h": "07-11-1453",
    "amount_due": 30,
    "month_number": 8,
    "year": 2025,
    "issued_at": "2025-05-29 00:00:00",
    "paid": "N"
  },
  {
    "penalty_id": 80,
    "parent_id": 30,
    "student_id": 196,
    "penalty_type_id": 1,
    "penalty_date_g": "2025-05-15 00:00:00",
    "penalty_date_h": "07-11-1446",
    "amount_due": 50,
    "month_number": 8,
    "year": 2025,
    "issued_at": "2025-05-15 00:00:00",
    "paid": "Y"
  },
  {
    "penalty_id": 81,
    "parent_id": 30,
    "student_id": 197,
    "penalty_type_id": 1,
    "penalty_date_g": "2025-05-16 00:00:00",
    "penalty_date_h": "08-11-1446",
    "amount_due": 40,
    "month_number": 8,
    "year": 2025,
    "issued_at": "2025-05-16 00:00:00",
    "paid": "N"
  },
  {
    "penalty_id": 82,
    "parent_id": 30,
    "student_id": 200,
    "penalty_type_id": 1,
    "penalty_date_g": "2025-05-17 00:00:00",
    "penalty_date_h": "07-11-1447",
    "amount_due": 30,
    "month_number": 8,
    "year": 2025,
    "issued_at": "2025-05-17 00:00:00",
    "paid": "Y"
  },
  {
    "penalty_id": 83,
    "parent_id": 31,
    "student_id": 203,
    "penalty_type_id": 1,
    "penalty_date_g": "2025-05-18 00:00:00",
    "penalty_date_h": "08-11-1447",
    "amount_due": 30,
    "month_number": 8,
    "year": 2025,
    "issued_at": "2025-05-18 00:00:00",
    "paid": "Y"
  },
  {
    "penalty_id": 84,
    "parent_id": 31,
    "student_id": 205,
    "penalty_type_id": 1,
    "penalty_date_g": "2025-05-19 00:00:00",
    "penalty_date_h": "07-11-1448",
    "amount_due": 30,
    "month_number": 8,
    "year": 2025,
    "issued_at": "2025-05-19 00:00:00",
    "paid": "N"
  },
  {
    "penalty_id": 85,
    "parent_id": 32,
    "student_id": 208,
    "penalty_type_id": 1,
    "penalty_date_g": "2025-05-20 00:00:00",
    "penalty_date_h": "08-11-1448",
    "amount_due": 40,
    "month_number": 8,
    "year": 2025,
    "issued_at": "2025-05-20 00:00:00",
    "paid": "N"
  },
  {
    "penalty_id": 86,
    "parent_id": 33,
    "student_id": 211,
    "penalty_type_id": 1,
    "penalty_date_g": "2025-05-21 00:00:00",
    "penalty_date_h": "07-11-1449",
    "amount_due": 40,
    "month_number": 8,
    "year": 2025,
    "issued_at": "2025-05-21 00:00:00",
    "paid": "Y"
  },
  {
    "penalty_id": 87,
    "parent_id": 33,
    "student_id": 215,
    "penalty_type_id": 1,
    "penalty_date_g": "2025-05-22 00:00:00",
    "penalty_date_h": "08-11-1449",
    "amount_due": 30,
    "month_number": 8,
    "year": 2025,
    "issued_at": "2025-05-22 00:00:00",
    "paid": "Y"
  },
  {
    "penalty_id": 88,
    "parent_id": 34,
    "student_id": 217,
    "penalty_type_id": 1,
    "penalty_date_g": "2025-05-23 00:00:00",
    "penalty_date_h": "07-11-1450",
    "amount_due": 40,
    "month_number": 8,
    "year": 2025,
    "issued_at": "2025-05-23 00:00:00",
    "paid": "Y"
  },
  {
    "penalty_id": 89,
    "parent_id": 34,
    "student_id": 220,
    "penalty_type_id": 1,
    "penalty_date_g": "2025-05-24 00:00:00",
    "penalty_date_h": "08-11-1450",
    "amount_due": 40,
    "month_number": 8,
    "year": 2025,
    "issued_at": "2025-05-24 00:00:00",
    "paid": "Y"
  },
  {
    "penalty_id": 90,
    "parent_id": 35,
    "student_id": 224,
    "penalty_type_id": 1,
    "penalty_date_g": "2025-05-25 00:00:00",
    "penalty_date_h": "07-11-1451",
    "amount_due": 30,
    "month_number": 8,
    "year": 2025,
    "issued_at": "2025-05-25 00:00:00",
    "paid": "N"
  },
  {
    "penalty_id": 91,
    "parent_id": 35,
    "student_id": 225,
    "penalty_type_id": 1,
    "penalty_date_g": "2025-05-26 00:00:00",
    "penalty_date_h": "08-11-1451",
    "amount_due": 40,
    "month_number": 8,
    "year": 2025,
    "issued_at": "2025-05-26 00:00:00",
    "paid": "Y"
  },
  {
    "penalty_id": 92,
    "parent_id": 36,
    "student_id": 228,
    "penalty_type_id": 1,
    "penalty_date_g": "2025-05-27 00:00:00",
    "penalty_date_h": "07-11-1452",
    "amount_due": 50,
    "month_number": 8,
    "year": 2025,
    "issued_at": "2025-05-27 00:00:00",
    "paid": "N"
  },
  {
    "penalty_id": 93,
    "parent_id": 36,
    "student_id": 229,
    "penalty_type_id": 1,
    "penalty_date_g": "2025-05-28 00:00:00",
    "penalty_date_h": "08-11-1452",
    "amount_due": 40,
    "month_number": 8,
    "year": 2025,
    "issued_at": "2025-05-28 00:00:00",
    "paid": "Y"
  },
  {
    "penalty_id": 94,
    "parent_id": 37,
    "student_id": 231,
    "penalty_type_id": 1,
    "penalty_date_g": "2025-05-29 00:00:00",
    "penalty_date_h": "07-11-1453",
    "amount_due": 30,
    "month_number": 8,
    "year": 2025,
    "issued_at": "2025-05-29 00:00:00",
    "paid": "Y"
  },
  {
    "penalty_id": 95,
    "parent_id": 37,
    "student_id": 234,
    "penalty_type_id": 1,
    "penalty_date_g": "2025-05-30 00:00:00",
    "penalty_date_h": "08-11-1453",
    "amount_due": 50,
    "month_number": 8,
    "year": 2025,
    "issued_at": "2025-05-30 00:00:00",
    "paid": "Y"
  },
  {
    "penalty_id": 96,
    "parent_id": 38,
    "student_id": 236,
    "penalty_type_id": 1,
    "penalty_date_g": "2025-05-15 00:00:00",
    "penalty_date_h": "07-11-1446",
    "amount_due": 50,
    "month_number": 8,
    "year": 2025,
    "issued_at": "2025-05-15 00:00:00",
    "paid": "N"
  },
  {
    "penalty_id": 97,
    "parent_id": 38,
    "student_id": 238,
    "penalty_type_id": 1,
    "penalty_date_g": "2025-05-16 00:00:00",
    "penalty_date_h": "08-11-1446",
    "amount_due": 30,
    "month_number": 8,
    "year": 2025,
    "issued_at": "2025-05-16 00:00:00",
    "paid": "Y"
  },
  {
    "penalty_id": 98,
    "parent_id": 38,
    "student_id": 239,
    "penalty_type_id": 1,
    "penalty_date_g": "2025-05-17 00:00:00",
    "penalty_date_h": "07-11-1447",
    "amount_due": 50,
    "month_number": 8,
    "year": 2025,
    "issued_at": "2025-05-17 00:00:00",
    "paid": "Y"
  },
  {
    "penalty_id": 99,
    "parent_id": 38,
    "student_id": 240,
    "penalty_type_id": 1,
    "penalty_date_g": "2025-05-18 00:00:00",
    "penalty_date_h": "08-11-1447",
    "amount_due": 50,
    "month_number": 8,
    "year": 2025,
    "issued_at": "2025-05-18 00:00:00",
    "paid": "Y"
  },
  {
    "penalty_id": 100,
    "parent_id": 39,
    "student_id": 243,
    "penalty_type_id": 1,
    "penalty_date_g": "2025-05-19 00:00:00",
    "penalty_date_h": "07-11-1448",
    "amount_due": 30,
    "month_number": 8,
    "year": 2025,
    "issued_at": "2025-05-19 00:00:00",
    "paid": "Y"
  },
  {
    "penalty_id": 101,
    "parent_id": 39,
    "student_id": 244,
    "penalty_type_id": 1,
    "penalty_date_g": "2025-05-20 00:00:00",
    "penalty_date_h": "08-11-1448",
    "amount_due": 30,
    "month_number": 8,
    "year": 2025,
    "issued_at": "2025-05-20 00:00:00",
    "paid": "Y"
  },
  {
    "penalty_id": 102,
    "parent_id": 39,
    "student_id": 245,
    "penalty_type_id": 1,
    "penalty_date_g": "2025-05-21 00:00:00",
    "penalty_date_h": "07-11-1449",
    "amount_due": 50,
    "month_number": 8,
    "year": 2025,
    "issued_at": "2025-05-21 00:00:00",
    "paid": "N"
  },
  {
    "penalty_id": 103,
    "parent_id": 40,
    "student_id": 250,
    "penalty_type_id": 1,
    "penalty_date_g": "2025-05-22 00:00:00",
    "penalty_date_h": "08-11-1449",
    "amount_due": 30,
    "month_number": 8,
    "year": 2025,
    "issued_at": "2025-05-22 00:00:00",
    "paid": "N"
  },
  {
    "penalty_id": 104,
    "parent_id": 41,
    "student_id": 253,
    "penalty_type_id": 1,
    "penalty_date_g": "2025-05-23 00:00:00",
    "penalty_date_h": "07-11-1450",
    "amount_due": 30,
    "month_number": 8,
    "year": 2025,
    "issued_at": "2025-05-23 00:00:00",
    "paid": "N"
  },
  {
    "penalty_id": 105,
    "parent_id": 41,
    "student_id": 255,
    "penalty_type_id": 1,
    "penalty_date_g": "2025-05-24 00:00:00",
    "penalty_date_h": "08-11-1450",
    "amount_due": 50,
    "month_number": 8,
    "year": 2025,
    "issued_at": "2025-05-24 00:00:00",
    "paid": "Y"
  },
  {
    "penalty_id": 106,
    "parent_id": 42,
    "student_id": 257,
    "penalty_type_id": 1,
    "penalty_date_g": "2025-05-25 00:00:00",
    "penalty_date_h": "07-11-1451",
    "amount_due": 30,
    "month_number": 8,
    "year": 2025,
    "issued_at": "2025-05-25 00:00:00",
    "paid": "Y"
  },
  {
    "penalty_id": 107,
    "parent_id": 42,
    "student_id": 258,
    "penalty_type_id": 1,
    "penalty_date_g": "2025-05-26 00:00:00",
    "penalty_date_h": "08-11-1451",
    "amount_due": 30,
    "month_number": 8,
    "year": 2025,
    "issued_at": "2025-05-26 00:00:00",
    "paid": "Y"
  },
  {
    "penalty_id": 108,
    "parent_id": 43,
    "student_id": 263,
    "penalty_type_id": 1,
    "penalty_date_g": "2025-05-27 00:00:00",
    "penalty_date_h": "07-11-1452",
    "amount_due": 50,
    "month_number": 8,
    "year": 2025,
    "issued_at": "2025-05-27 00:00:00",
    "paid": "N"
  },
  {
    "penalty_id": 109,
    "parent_id": 43,
    "student_id": 264,
    "penalty_type_id": 1,
    "penalty_date_g": "2025-05-28 00:00:00",
    "penalty_date_h": "08-11-1452",
    "amount_due": 40,
    "month_number": 8,
    "year": 2025,
    "issued_at": "2025-05-28 00:00:00",
    "paid": "N"
  },
  {
    "penalty_id": 110,
    "parent_id": 44,
    "student_id": 267,
    "penalty_type_id": 1,
    "penalty_date_g": "2025-05-29 00:00:00",
    "penalty_date_h": "07-11-1453",
    "amount_due": 40,
    "month_number": 8,
    "year": 2025,
    "issued_at": "2025-05-29 00:00:00",
    "paid": "N"
  },
  {
    "penalty_id": 111,
    "parent_id": 44,
    "student_id": 269,
    "penalty_type_id": 1,
    "penalty_date_g": "2025-05-30 00:00:00",
    "penalty_date_h": "08-11-1453",
    "amount_due": 40,
    "month_number": 8,
    "year": 2025,
    "issued_at": "2025-05-30 00:00:00",
    "paid": "N"
  },
  {
    "penalty_id": 112,
    "parent_id": 45,
    "student_id": 275,
    "penalty_type_id": 1,
    "penalty_date_g": "2025-05-15 00:00:00",
    "penalty_date_h": "07-11-1446",
    "amount_due": 50,
    "month_number": 8,
    "year": 2025,
    "issued_at": "2025-05-15 00:00:00",
    "paid": "Y"
  },
  {
    "penalty_id": 113,
    "parent_id": 46,
    "student_id": 276,
    "penalty_type_id": 1,
    "penalty_date_g": "2025-05-16 00:00:00",
    "penalty_date_h": "08-11-1446",
    "amount_due": 50,
    "month_number": 8,
    "year": 2025,
    "issued_at": "2025-05-16 00:00:00",
    "paid": "N"
  },
  {
    "penalty_id": 114,
    "parent_id": 46,
    "student_id": 277,
    "penalty_type_id": 1,
    "penalty_date_g": "2025-05-17 00:00:00",
    "penalty_date_h": "07-11-1447",
    "amount_due": 50,
    "month_number": 8,
    "year": 2025,
    "issued_at": "2025-05-17 00:00:00",
    "paid": "N"
  },
  {
    "penalty_id": 115,
    "parent_id": 46,
    "student_id": 278,
    "penalty_type_id": 1,
    "penalty_date_g": "2025-05-18 00:00:00",
    "penalty_date_h": "08-11-1447",
    "amount_due": 30,
    "month_number": 8,
    "year": 2025,
    "issued_at": "2025-05-18 00:00:00",
    "paid": "Y"
  },
  {
    "penalty_id": 116,
    "parent_id": 46,
    "student_id": 279,
    "penalty_type_id": 1,
    "penalty_date_g": "2025-05-19 00:00:00",
    "penalty_date_h": "07-11-1448",
    "amount_due": 40,
    "month_number": 8,
    "year": 2025,
    "issued_at": "2025-05-19 00:00:00",
    "paid": "N"
  },
  {
    "penalty_id": 117,
    "parent_id": 47,
    "student_id": 283,
    "penalty_type_id": 1,
    "penalty_date_g": "2025-05-20 00:00:00",
    "penalty_date_h": "08-11-1448",
    "amount_due": 40,
    "month_number": 8,
    "year": 2025,
    "issued_at": "2025-05-20 00:00:00",
    "paid": "N"
  },
  {
    "penalty_id": 118,
    "parent_id": 47,
    "student_id": 285,
    "penalty_type_id": 1,
    "penalty_date_g": "2025-05-21 00:00:00",
    "penalty_date_h": "07-11-1449",
    "amount_due": 50,
    "month_number": 8,
    "year": 2025,
    "issued_at": "2025-05-21 00:00:00",
    "paid": "N"
  },
  {
    "penalty_id": 119,
    "parent_id": 48,
    "student_id": 287,
    "penalty_type_id": 1,
    "penalty_date_g": "2025-05-22 00:00:00",
    "penalty_date_h": "08-11-1449",
    "amount_due": 30,
    "month_number": 8,
    "year": 2025,
    "issued_at": "2025-05-22 00:00:00",
    "paid": "N"
  },
  {
    "penalty_id": 120,
    "parent_id": 48,
    "student_id": 290,
    "penalty_type_id": 1,
    "penalty_date_g": "2025-05-23 00:00:00",
    "penalty_date_h": "07-11-1450",
    "amount_due": 30,
    "month_number": 8,
    "year": 2025,
    "issued_at": "2025-05-23 00:00:00",
    "paid": "Y"
  },
  {
    "penalty_id": 121,
    "parent_id": 49,
    "student_id": 293,
    "penalty_type_id": 1,
    "penalty_date_g": "2025-05-24 00:00:00",
    "penalty_date_h": "08-11-1450",
    "amount_due": 50,
    "month_number": 8,
    "year": 2025,
    "issued_at": "2025-05-24 00:00:00",
    "paid": "N"
  },
  {
    "penalty_id": 122,
    "parent_id": 50,
    "student_id": 296,
    "penalty_type_id": 1,
    "penalty_date_g": "2025-05-25 00:00:00",
    "penalty_date_h": "07-11-1451",
    "amount_due": 40,
    "month_number": 8,
    "year": 2025,
    "issued_at": "2025-05-25 00:00:00",
    "paid": "N"
  },
  {
    "penalty_id": 123,
    "parent_id": 51,
    "student_id": 301,
    "penalty_type_id": 1,
    "penalty_date_g": "2025-05-26 00:00:00",
    "penalty_date_h": "08-11-1451",
    "amount_due": 40,
    "month_number": 8,
    "year": 2025,
    "issued_at": "2025-05-26 00:00:00",
    "paid": "Y"
  },
  {
    "penalty_id": 124,
    "parent_id": 51,
    "student_id": 302,
    "penalty_type_id": 1,
    "penalty_date_g": "2025-05-27 00:00:00",
    "penalty_date_h": "07-11-1452",
    "amount_due": 50,
    "month_number": 8,
    "year": 2025,
    "issued_at": "2025-05-27 00:00:00",
    "paid": "N"
  },
  {
    "penalty_id": 125,
    "parent_id": 51,
    "student_id": 303,
    "penalty_type_id": 1,
    "penalty_date_g": "2025-05-28 00:00:00",
    "penalty_date_h": "08-11-1452",
    "amount_due": 40,
    "month_number": 8,
    "year": 2025,
    "issued_at": "2025-05-28 00:00:00",
    "paid": "Y"
  },
  {
    "penalty_id": 126,
    "parent_id": 52,
    "student_id": 308,
    "penalty_type_id": 1,
    "penalty_date_g": "2025-05-29 00:00:00",
    "penalty_date_h": "07-11-1453",
    "amount_due": 30,
    "month_number": 8,
    "year": 2025,
    "issued_at": "2025-05-29 00:00:00",
    "paid": "N"
  },
  {
    "penalty_id": 127,
    "parent_id": 53,
    "student_id": 310,
    "penalty_type_id": 1,
    "penalty_date_g": "2025-05-30 00:00:00",
    "penalty_date_h": "08-11-1453",
    "amount_due": 40,
    "month_number": 8,
    "year": 2025,
    "issued_at": "2025-05-30 00:00:00",
    "paid": "Y"
  },
  {
    "penalty_id": 128,
    "parent_id": 53,
    "student_id": 312,
    "penalty_type_id": 1,
    "penalty_date_g": "2025-05-15 00:00:00",
    "penalty_date_h": "07-11-1446",
    "amount_due": 40,
    "month_number": 8,
    "year": 2025,
    "issued_at": "2025-05-15 00:00:00",
    "paid": "Y"
  },
  {
    "penalty_id": 129,
    "parent_id": 54,
    "student_id": 314,
    "penalty_type_id": 1,
    "penalty_date_g": "2025-05-16 00:00:00",
    "penalty_date_h": "08-11-1446",
    "amount_due": 50,
    "month_number": 8,
    "year": 2025,
    "issued_at": "2025-05-16 00:00:00",
    "paid": "Y"
  },
  {
    "penalty_id": 130,
    "parent_id": 54,
    "student_id": 315,
    "penalty_type_id": 1,
    "penalty_date_g": "2025-05-17 00:00:00",
    "penalty_date_h": "07-11-1447",
    "amount_due": 40,
    "month_number": 8,
    "year": 2025,
    "issued_at": "2025-05-17 00:00:00",
    "paid": "Y"
  },
  {
    "penalty_id": 131,
    "parent_id": 54,
    "student_id": 316,
    "penalty_type_id": 1,
    "penalty_date_g": "2025-05-18 00:00:00",
    "penalty_date_h": "08-11-1447",
    "amount_due": 40,
    "month_number": 8,
    "year": 2025,
    "issued_at": "2025-05-18 00:00:00",
    "paid": "N"
  },
  {
    "penalty_id": 132,
    "parent_id": 56,
    "student_id": 323,
    "penalty_type_id": 1,
    "penalty_date_g": "2025-05-19 00:00:00",
    "penalty_date_h": "07-11-1448",
    "amount_due": 40,
    "month_number": 8,
    "year": 2025,
    "issued_at": "2025-05-19 00:00:00",
    "paid": "N"
  },
  {
    "penalty_id": 133,
    "parent_id": 56,
    "student_id": 324,
    "penalty_type_id": 1,
    "penalty_date_g": "2025-05-20 00:00:00",
    "penalty_date_h": "08-11-1448",
    "amount_due": 40,
    "month_number": 8,
    "year": 2025,
    "issued_at": "2025-05-20 00:00:00",
    "paid": "Y"
  },
  {
    "penalty_id": 134,
    "parent_id": 57,
    "student_id": 325,
    "penalty_type_id": 1,
    "penalty_date_g": "2025-05-21 00:00:00",
    "penalty_date_h": "07-11-1449",
    "amount_due": 40,
    "month_number": 8,
    "year": 2025,
    "issued_at": "2025-05-21 00:00:00",
    "paid": "Y"
  },
  {
    "penalty_id": 135,
    "parent_id": 57,
    "student_id": 327,
    "penalty_type_id": 1,
    "penalty_date_g": "2025-05-22 00:00:00",
    "penalty_date_h": "08-11-1449",
    "amount_due": 30,
    "month_number": 8,
    "year": 2025,
    "issued_at": "2025-05-22 00:00:00",
    "paid": "Y"
  },
  {
    "penalty_id": 136,
    "parent_id": 58,
    "student_id": 329,
    "penalty_type_id": 1,
    "penalty_date_g": "2025-05-23 00:00:00",
    "penalty_date_h": "07-11-1450",
    "amount_due": 50,
    "month_number": 8,
    "year": 2025,
    "issued_at": "2025-05-23 00:00:00",
    "paid": "Y"
  },
  {
    "penalty_id": 137,
    "parent_id": 58,
    "student_id": 331,
    "penalty_type_id": 1,
    "penalty_date_g": "2025-05-24 00:00:00",
    "penalty_date_h": "08-11-1450",
    "amount_due": 30,
    "month_number": 8,
    "year": 2025,
    "issued_at": "2025-05-24 00:00:00",
    "paid": "Y"
  },
  {
    "penalty_id": 138,
    "parent_id": 59,
    "student_id": 333,
    "penalty_type_id": 1,
    "penalty_date_g": "2025-05-25 00:00:00",
    "penalty_date_h": "07-11-1451",
    "amount_due": 40,
    "month_number": 8,
    "year": 2025,
    "issued_at": "2025-05-25 00:00:00",
    "paid": "N"
  },
  {
    "penalty_id": 139,
    "parent_id": 59,
    "student_id": 335,
    "penalty_type_id": 1,
    "penalty_date_g": "2025-05-26 00:00:00",
    "penalty_date_h": "08-11-1451",
    "amount_due": 40,
    "month_number": 8,
    "year": 2025,
    "issued_at": "2025-05-26 00:00:00",
    "paid": "Y"
  },
  {
    "penalty_id": 140,
    "parent_id": 59,
    "student_id": 336,
    "penalty_type_id": 1,
    "penalty_date_g": "2025-05-27 00:00:00",
    "penalty_date_h": "07-11-1452",
    "amount_due": 40,
    "month_number": 8,
    "year": 2025,
    "issued_at": "2025-05-27 00:00:00",
    "paid": "N"
  },
  {
    "penalty_id": 141,
    "parent_id": 60,
    "student_id": 337,
    "penalty_type_id": 1,
    "penalty_date_g": "2025-05-28 00:00:00",
    "penalty_date_h": "08-11-1452",
    "amount_due": 40,
    "month_number": 8,
    "year": 2025,
    "issued_at": "2025-05-28 00:00:00",
    "paid": "Y"
  },
  {
    "penalty_id": 142,
    "parent_id": 60,
    "student_id": 340,
    "penalty_type_id": 1,
    "penalty_date_g": "2025-05-29 00:00:00",
    "penalty_date_h": "07-11-1453",
    "amount_due": 50,
    "month_number": 8,
    "year": 2025,
    "issued_at": "2025-05-29 00:00:00",
    "paid": "N"
  },
  {
    "penalty_id": 143,
    "parent_id": 61,
    "student_id": 341,
    "penalty_type_id": 1,
    "penalty_date_g": "2025-05-30 00:00:00",
    "penalty_date_h": "08-11-1453",
    "amount_due": 40,
    "month_number": 8,
    "year": 2025,
    "issued_at": "2025-05-30 00:00:00",
    "paid": "N"
  },
  {
    "penalty_id": 144,
    "parent_id": 61,
    "student_id": 344,
    "penalty_type_id": 1,
    "penalty_date_g": "2025-05-15 00:00:00",
    "penalty_date_h": "07-11-1446",
    "amount_due": 50,
    "month_number": 8,
    "year": 2025,
    "issued_at": "2025-05-15 00:00:00",
    "paid": "N"
  },
  {
    "penalty_id": 145,
    "parent_id": 62,
    "student_id": 345,
    "penalty_type_id": 1,
    "penalty_date_g": "2025-05-16 00:00:00",
    "penalty_date_h": "08-11-1446",
    "amount_due": 30,
    "month_number": 8,
    "year": 2025,
    "issued_at": "2025-05-16 00:00:00",
    "paid": "Y"
  },
  {
    "penalty_id": 146,
    "parent_id": 63,
    "student_id": 349,
    "penalty_type_id": 1,
    "penalty_date_g": "2025-05-17 00:00:00",
    "penalty_date_h": "07-11-1447",
    "amount_due": 40,
    "month_number": 8,
    "year": 2025,
    "issued_at": "2025-05-17 00:00:00",
    "paid": "Y"
  },
  {
    "penalty_id": 147,
    "parent_id": 63,
    "student_id": 350,
    "penalty_type_id": 1,
    "penalty_date_g": "2025-05-18 00:00:00",
    "penalty_date_h": "08-11-1447",
    "amount_due": 30,
    "month_number": 8,
    "year": 2025,
    "issued_at": "2025-05-18 00:00:00",
    "paid": "Y"
  },
  {
    "penalty_id": 148,
    "parent_id": 63,
    "student_id": 351,
    "penalty_type_id": 1,
    "penalty_date_g": "2025-05-19 00:00:00",
    "penalty_date_h": "07-11-1448",
    "amount_due": 30,
    "month_number": 8,
    "year": 2025,
    "issued_at": "2025-05-19 00:00:00",
    "paid": "Y"
  },
  {
    "penalty_id": 149,
    "parent_id": 63,
    "student_id": 352,
    "penalty_type_id": 1,
    "penalty_date_g": "2025-05-20 00:00:00",
    "penalty_date_h": "08-11-1448",
    "amount_due": 40,
    "month_number": 8,
    "year": 2025,
    "issued_at": "2025-05-20 00:00:00",
    "paid": "Y"
  },
  {
    "penalty_id": 150,
    "parent_id": 64,
    "student_id": 354,
    "penalty_type_id": 1,
    "penalty_date_g": "2025-05-21 00:00:00",
    "penalty_date_h": "07-11-1449",
    "amount_due": 30,
    "month_number": 8,
    "year": 2025,
    "issued_at": "2025-05-21 00:00:00",
    "paid": "Y"
  },
  {
    "penalty_id": 151,
    "parent_id": 65,
    "student_id": 357,
    "penalty_type_id": 1,
    "penalty_date_g": "2025-05-22 00:00:00",
    "penalty_date_h": "08-11-1449",
    "amount_due": 50,
    "month_number": 8,
    "year": 2025,
    "issued_at": "2025-05-22 00:00:00",
    "paid": "N"
  },
  {
    "penalty_id": 152,
    "parent_id": 66,
    "student_id": 360,
    "penalty_type_id": 1,
    "penalty_date_g": "2025-05-23 00:00:00",
    "penalty_date_h": "07-11-1450",
    "amount_due": 40,
    "month_number": 8,
    "year": 2025,
    "issued_at": "2025-05-23 00:00:00",
    "paid": "Y"
  },
  {
    "penalty_id": 153,
    "parent_id": 66,
    "student_id": 361,
    "penalty_type_id": 1,
    "penalty_date_g": "2025-05-24 00:00:00",
    "penalty_date_h": "08-11-1450",
    "amount_due": 30,
    "month_number": 8,
    "year": 2025,
    "issued_at": "2025-05-24 00:00:00",
    "paid": "Y"
  },
  {
    "penalty_id": 154,
    "parent_id": 66,
    "student_id": 362,
    "penalty_type_id": 1,
    "penalty_date_g": "2025-05-25 00:00:00",
    "penalty_date_h": "07-11-1451",
    "amount_due": 50,
    "month_number": 8,
    "year": 2025,
    "issued_at": "2025-05-25 00:00:00",
    "paid": "Y"
  },
  {
    "penalty_id": 155,
    "parent_id": 67,
    "student_id": 363,
    "penalty_type_id": 1,
    "penalty_date_g": "2025-05-26 00:00:00",
    "penalty_date_h": "08-11-1451",
    "amount_due": 50,
    "month_number": 8,
    "year": 2025,
    "issued_at": "2025-05-26 00:00:00",
    "paid": "Y"
  },
  {
    "penalty_id": 156,
    "parent_id": 67,
    "student_id": 365,
    "penalty_type_id": 1,
    "penalty_date_g": "2025-05-27 00:00:00",
    "penalty_date_h": "07-11-1452",
    "amount_due": 40,
    "month_number": 8,
    "year": 2025,
    "issued_at": "2025-05-27 00:00:00",
    "paid": "Y"
  },
  {
    "penalty_id": 157,
    "parent_id": 68,
    "student_id": 366,
    "penalty_type_id": 1,
    "penalty_date_g": "2025-05-28 00:00:00",
    "penalty_date_h": "08-11-1452",
    "amount_due": 50,
    "month_number": 8,
    "year": 2025,
    "issued_at": "2025-05-28 00:00:00",
    "paid": "N"
  },
  {
    "penalty_id": 158,
    "parent_id": 69,
    "student_id": 369,
    "penalty_type_id": 1,
    "penalty_date_g": "2025-05-29 00:00:00",
    "penalty_date_h": "07-11-1453",
    "amount_due": 30,
    "month_number": 8,
    "year": 2025,
    "issued_at": "2025-05-29 00:00:00",
    "paid": "N"
  },
  {
    "penalty_id": 159,
    "parent_id": 69,
    "student_id": 371,
    "penalty_type_id": 1,
    "penalty_date_g": "2025-05-30 00:00:00",
    "penalty_date_h": "08-11-1453",
    "amount_due": 40,
    "month_number": 8,
    "year": 2025,
    "issued_at": "2025-05-30 00:00:00",
    "paid": "Y"
  },
  {
    "penalty_id": 160,
    "parent_id": 71,
    "student_id": 377,
    "penalty_type_id": 1,
    "penalty_date_g": "2025-05-15 00:00:00",
    "penalty_date_h": "07-11-1446",
    "amount_due": 50,
    "month_number": 8,
    "year": 2025,
    "issued_at": "2025-05-15 00:00:00",
    "paid": "Y"
  },
  {
    "penalty_id": 161,
    "parent_id": 73,
    "student_id": 383,
    "penalty_type_id": 1,
    "penalty_date_g": "2025-05-16 00:00:00",
    "penalty_date_h": "08-11-1446",
    "amount_due": 50,
    "month_number": 8,
    "year": 2025,
    "issued_at": "2025-05-16 00:00:00",
    "paid": "N"
  },
  {
    "penalty_id": 162,
    "parent_id": 76,
    "student_id": 394,
    "penalty_type_id": 1,
    "penalty_date_g": "2025-05-17 00:00:00",
    "penalty_date_h": "07-11-1447",
    "amount_due": 30,
    "month_number": 8,
    "year": 2025,
    "issued_at": "2025-05-17 00:00:00",
    "paid": "N"
  },
  {
    "penalty_id": 163,
    "parent_id": 77,
    "student_id": 396,
    "penalty_type_id": 1,
    "penalty_date_g": "2025-05-18 00:00:00",
    "penalty_date_h": "08-11-1447",
    "amount_due": 40,
    "month_number": 8,
    "year": 2025,
    "issued_at": "2025-05-18 00:00:00",
    "paid": "N"
  },
  {
    "penalty_id": 164,
    "parent_id": 78,
    "student_id": 399,
    "penalty_type_id": 1,
    "penalty_date_g": "2025-05-19 00:00:00",
    "penalty_date_h": "07-11-1448",
    "amount_due": 40,
    "month_number": 8,
    "year": 2025,
    "issued_at": "2025-05-19 00:00:00",
    "paid": "N"
  },
  {
    "penalty_id": 165,
    "parent_id": 78,
    "student_id": 401,
    "penalty_type_id": 1,
    "penalty_date_g": "2025-05-20 00:00:00",
    "penalty_date_h": "08-11-1448",
    "amount_due": 50,
    "month_number": 8,
    "year": 2025,
    "issued_at": "2025-05-20 00:00:00",
    "paid": "N"
  },
  {
    "penalty_id": 166,
    "parent_id": 80,
    "student_id": 408,
    "penalty_type_id": 1,
    "penalty_date_g": "2025-05-21 00:00:00",
    "penalty_date_h": "07-11-1449",
    "amount_due": 30,
    "month_number": 8,
    "year": 2025,
    "issued_at": "2025-05-21 00:00:00",
    "paid": "N"
  },
  {
    "penalty_id": 167,
    "parent_id": 80,
    "student_id": 409,
    "penalty_type_id": 1,
    "penalty_date_g": "2025-05-22 00:00:00",
    "penalty_date_h": "08-11-1449",
    "amount_due": 50,
    "month_number": 8,
    "year": 2025,
    "issued_at": "2025-05-22 00:00:00",
    "paid": "Y"
  },
  {
    "penalty_id": 168,
    "parent_id": 81,
    "student_id": 411,
    "penalty_type_id": 1,
    "penalty_date_g": "2025-05-23 00:00:00",
    "penalty_date_h": "07-11-1450",
    "amount_due": 40,
    "month_number": 8,
    "year": 2025,
    "issued_at": "2025-05-23 00:00:00",
    "paid": "Y"
  },
  {
    "penalty_id": 169,
    "parent_id": 81,
    "student_id": 412,
    "penalty_type_id": 1,
    "penalty_date_g": "2025-05-24 00:00:00",
    "penalty_date_h": "08-11-1450",
    "amount_due": 50,
    "month_number": 8,
    "year": 2025,
    "issued_at": "2025-05-24 00:00:00",
    "paid": "N"
  },
  {
    "penalty_id": 170,
    "parent_id": 82,
    "student_id": 417,
    "penalty_type_id": 1,
    "penalty_date_g": "2025-05-25 00:00:00",
    "penalty_date_h": "07-11-1451",
    "amount_due": 30,
    "month_number": 8,
    "year": 2025,
    "issued_at": "2025-05-25 00:00:00",
    "paid": "Y"
  },
  {
    "penalty_id": 171,
    "parent_id": 82,
    "student_id": 418,
    "penalty_type_id": 1,
    "penalty_date_g": "2025-05-26 00:00:00",
    "penalty_date_h": "08-11-1451",
    "amount_due": 50,
    "month_number": 8,
    "year": 2025,
    "issued_at": "2025-05-26 00:00:00",
    "paid": "N"
  },
  {
    "penalty_id": 172,
    "parent_id": 83,
    "student_id": 420,
    "penalty_type_id": 1,
    "penalty_date_g": "2025-05-27 00:00:00",
    "penalty_date_h": "07-11-1452",
    "amount_due": 30,
    "month_number": 8,
    "year": 2025,
    "issued_at": "2025-05-27 00:00:00",
    "paid": "Y"
  },
  {
    "penalty_id": 173,
    "parent_id": 83,
    "student_id": 421,
    "penalty_type_id": 1,
    "penalty_date_g": "2025-05-28 00:00:00",
    "penalty_date_h": "08-11-1452",
    "amount_due": 40,
    "month_number": 8,
    "year": 2025,
    "issued_at": "2025-05-28 00:00:00",
    "paid": "N"
  },
  {
    "penalty_id": 174,
    "parent_id": 84,
    "student_id": 423,
    "penalty_type_id": 1,
    "penalty_date_g": "2025-05-29 00:00:00",
    "penalty_date_h": "07-11-1453",
    "amount_due": 30,
    "month_number": 8,
    "year": 2025,
    "issued_at": "2025-05-29 00:00:00",
    "paid": "N"
  },
  {
    "penalty_id": 175,
    "parent_id": 85,
    "student_id": 427,
    "penalty_type_id": 1,
    "penalty_date_g": "2025-05-30 00:00:00",
    "penalty_date_h": "08-11-1453",
    "amount_due": 50,
    "month_number": 8,
    "year": 2025,
    "issued_at": "2025-05-30 00:00:00",
    "paid": "N"
  },
  {
    "penalty_id": 176,
    "parent_id": 86,
    "student_id": 433,
    "penalty_type_id": 1,
    "penalty_date_g": "2025-05-15 00:00:00",
    "penalty_date_h": "07-11-1446",
    "amount_due": 40,
    "month_number": 8,
    "year": 2025,
    "issued_at": "2025-05-15 00:00:00",
    "paid": "Y"
  },
  {
    "penalty_id": 177,
    "parent_id": 86,
    "student_id": 434,
    "penalty_type_id": 1,
    "penalty_date_g": "2025-05-16 00:00:00",
    "penalty_date_h": "08-11-1446",
    "amount_due": 50,
    "month_number": 8,
    "year": 2025,
    "issued_at": "2025-05-16 00:00:00",
    "paid": "Y"
  },
  {
    "penalty_id": 178,
    "parent_id": 87,
    "student_id": 437,
    "penalty_type_id": 1,
    "penalty_date_g": "2025-05-17 00:00:00",
    "penalty_date_h": "07-11-1447",
    "amount_due": 40,
    "month_number": 8,
    "year": 2025,
    "issued_at": "2025-05-17 00:00:00",
    "paid": "Y"
  },
  {
    "penalty_id": 179,
    "parent_id": 87,
    "student_id": 438,
    "penalty_type_id": 1,
    "penalty_date_g": "2025-05-18 00:00:00",
    "penalty_date_h": "08-11-1447",
    "amount_due": 50,
    "month_number": 8,
    "year": 2025,
    "issued_at": "2025-05-18 00:00:00",
    "paid": "Y"
  },
  {
    "penalty_id": 180,
    "parent_id": 88,
    "student_id": 441,
    "penalty_type_id": 1,
    "penalty_date_g": "2025-05-19 00:00:00",
    "penalty_date_h": "07-11-1448",
    "amount_due": 30,
    "month_number": 8,
    "year": 2025,
    "issued_at": "2025-05-19 00:00:00",
    "paid": "Y"
  },
  {
    "penalty_id": 181,
    "parent_id": 88,
    "student_id": 442,
    "penalty_type_id": 1,
    "penalty_date_g": "2025-05-20 00:00:00",
    "penalty_date_h": "08-11-1448",
    "amount_due": 50,
    "month_number": 8,
    "year": 2025,
    "issued_at": "2025-05-20 00:00:00",
    "paid": "N"
  },
  {
    "penalty_id": 182,
    "parent_id": 90,
    "student_id": 447,
    "penalty_type_id": 1,
    "penalty_date_g": "2025-05-21 00:00:00",
    "penalty_date_h": "07-11-1449",
    "amount_due": 40,
    "month_number": 8,
    "year": 2025,
    "issued_at": "2025-05-21 00:00:00",
    "paid": "N"
  },
  {
    "penalty_id": 183,
    "parent_id": 91,
    "student_id": 451,
    "penalty_type_id": 1,
    "penalty_date_g": "2025-05-22 00:00:00",
    "penalty_date_h": "08-11-1449",
    "amount_due": 40,
    "month_number": 8,
    "year": 2025,
    "issued_at": "2025-05-22 00:00:00",
    "paid": "Y"
  },
  {
    "penalty_id": 184,
    "parent_id": 91,
    "student_id": 453,
    "penalty_type_id": 1,
    "penalty_date_g": "2025-05-23 00:00:00",
    "penalty_date_h": "07-11-1450",
    "amount_due": 40,
    "month_number": 8,
    "year": 2025,
    "issued_at": "2025-05-23 00:00:00",
    "paid": "N"
  },
  {
    "penalty_id": 185,
    "parent_id": 92,
    "student_id": 458,
    "penalty_type_id": 1,
    "penalty_date_g": "2025-05-24 00:00:00",
    "penalty_date_h": "08-11-1450",
    "amount_due": 50,
    "month_number": 8,
    "year": 2025,
    "issued_at": "2025-05-24 00:00:00",
    "paid": "N"
  },
  {
    "penalty_id": 186,
    "parent_id": 92,
    "student_id": 460,
    "penalty_type_id": 1,
    "penalty_date_g": "2025-05-25 00:00:00",
    "penalty_date_h": "07-11-1451",
    "amount_due": 50,
    "month_number": 8,
    "year": 2025,
    "issued_at": "2025-05-25 00:00:00",
    "paid": "Y"
  },
  {
    "penalty_id": 187,
    "parent_id": 93,
    "student_id": 461,
    "penalty_type_id": 1,
    "penalty_date_g": "2025-05-26 00:00:00",
    "penalty_date_h": "08-11-1451",
    "amount_due": 40,
    "month_number": 8,
    "year": 2025,
    "issued_at": "2025-05-26 00:00:00",
    "paid": "N"
  },
  {
    "penalty_id": 188,
    "parent_id": 94,
    "student_id": 466,
    "penalty_type_id": 1,
    "penalty_date_g": "2025-05-27 00:00:00",
    "penalty_date_h": "07-11-1452",
    "amount_due": 50,
    "month_number": 8,
    "year": 2025,
    "issued_at": "2025-05-27 00:00:00",
    "paid": "N"
  },
  {
    "penalty_id": 189,
    "parent_id": 94,
    "student_id": 469,
    "penalty_type_id": 1,
    "penalty_date_g": "2025-05-28 00:00:00",
    "penalty_date_h": "08-11-1452",
    "amount_due": 30,
    "month_number": 8,
    "year": 2025,
    "issued_at": "2025-05-28 00:00:00",
    "paid": "N"
  },
  {
    "penalty_id": 190,
    "parent_id": 95,
    "student_id": 471,
    "penalty_type_id": 1,
    "penalty_date_g": "2025-05-29 00:00:00",
    "penalty_date_h": "07-11-1453",
    "amount_due": 50,
    "month_number": 8,
    "year": 2025,
    "issued_at": "2025-05-29 00:00:00",
    "paid": "N"
  },
  {
    "penalty_id": 191,
    "parent_id": 95,
    "student_id": 473,
    "penalty_type_id": 1,
    "penalty_date_g": "2025-05-30 00:00:00",
    "penalty_date_h": "08-11-1453",
    "amount_due": 40,
    "month_number": 8,
    "year": 2025,
    "issued_at": "2025-05-30 00:00:00",
    "paid": "N"
  },
  {
    "penalty_id": 192,
    "parent_id": 96,
    "student_id": 478,
    "penalty_type_id": 1,
    "penalty_date_g": "2025-05-15 00:00:00",
    "penalty_date_h": "07-11-1446",
    "amount_due": 40,
    "month_number": 8,
    "year": 2025,
    "issued_at": "2025-05-15 00:00:00",
    "paid": "Y"
  },
  {
    "penalty_id": 193,
    "parent_id": 97,
    "student_id": 481,
    "penalty_type_id": 1,
    "penalty_date_g": "2025-05-16 00:00:00",
    "penalty_date_h": "08-11-1446",
    "amount_due": 30,
    "month_number": 8,
    "year": 2025,
    "issued_at": "2025-05-16 00:00:00",
    "paid": "N"
  },
  {
    "penalty_id": 194,
    "parent_id": 97,
    "student_id": 482,
    "penalty_type_id": 1,
    "penalty_date_g": "2025-05-17 00:00:00",
    "penalty_date_h": "07-11-1447",
    "amount_due": 30,
    "month_number": 8,
    "year": 2025,
    "issued_at": "2025-05-17 00:00:00",
    "paid": "Y"
  },
  {
    "penalty_id": 195,
    "parent_id": 97,
    "student_id": 485,
    "penalty_type_id": 1,
    "penalty_date_g": "2025-05-18 00:00:00",
    "penalty_date_h": "08-11-1447",
    "amount_due": 50,
    "month_number": 8,
    "year": 2025,
    "issued_at": "2025-05-18 00:00:00",
    "paid": "Y"
  },
  {
    "penalty_id": 196,
    "parent_id": 98,
    "student_id": 490,
    "penalty_type_id": 1,
    "penalty_date_g": "2025-05-19 00:00:00",
    "penalty_date_h": "07-11-1448",
    "amount_due": 40,
    "month_number": 8,
    "year": 2025,
    "issued_at": "2025-05-19 00:00:00",
    "paid": "N"
  },
  {
    "penalty_id": 197,
    "parent_id": 99,
    "student_id": 491,
    "penalty_type_id": 1,
    "penalty_date_g": "2025-05-20 00:00:00",
    "penalty_date_h": "08-11-1448",
    "amount_due": 50,
    "month_number": 8,
    "year": 2025,
    "issued_at": "2025-05-20 00:00:00",
    "paid": "Y"
  },
  {
    "penalty_id": 198,
    "parent_id": 99,
    "student_id": 493,
    "penalty_type_id": 1,
    "penalty_date_g": "2025-05-21 00:00:00",
    "penalty_date_h": "07-11-1449",
    "amount_due": 30,
    "month_number": 8,
    "year": 2025,
    "issued_at": "2025-05-21 00:00:00",
    "paid": "N"
  },
  {
    "penalty_id": 199,
    "parent_id": 99,
    "student_id": 494,
    "penalty_type_id": 1,
    "penalty_date_g": "2025-05-22 00:00:00",
    "penalty_date_h": "08-11-1449",
    "amount_due": 40,
    "month_number": 8,
    "year": 2025,
    "issued_at": "2025-05-22 00:00:00",
    "paid": "N"
  },
  {
    "penalty_id": 200,
    "parent_id": 100,
    "student_id": 500,
    "penalty_type_id": 1,
    "penalty_date_g": "2025-05-23 00:00:00",
    "penalty_date_h": "07-11-1450",
    "amount_due": 50,
    "month_number": 8,
    "year": 2025,
    "issued_at": "2025-05-23 00:00:00",
    "paid": "N"
  }
]